Statement,Header,Field Name,Field Value
Statement,Data,Title,Activity Summary
Statement,Data,Period,"April 30, 2026"
Statement,Data,WhenGenerated,"2026-05-03, 21:22:01 EDT"
Disclaimer,Header,Field Name,Field Value
Disclaimer,Data,Disclaimer,"This Activity Summary is provided as a convenience to customers who have accounts with multiple Interactive Brokers companies in multiple jurisdictions. Positions and cash shown on this Activity Summary may be held at different Interactive Brokers companies in different countries, subject to different regulatory rules and protections. This Activity Summary does not serve as your formal customer statement. Customer statements for each IB company are available under Account Management when you log in to the IB website."
Account Information,Header,Field Name,Field Value
Account Information,Data,Name,Golden Horse Global Macro Discretionary Fund
Account Information,Data,Account,U8251256 (Custom Consolidated)
Account Information,Data,Accounts Included,"U18135473, U8251256, U18135473F, U8251256F"
Account Information,Data,Master Name,Golden Horse Fund Management Pte Ltd
Account Information,Data,Account Type,Institution Master
Account Information,Data,Customer Type,Corporate
Account Information,Data,Account Capabilities,Portfolio Margin
Account Information,Data,Base Currency,USD
Net Asset Value,Header,Asset Class,Prior Total,Current Long,Current Short,Current Total,Change
Net Asset Value,Data,Cash ,-137213993.74848467,27042.897009381,-120536138.48872973,-120509095.59172034,16704898.156764328
Net Asset Value,Data,Stock,229132074.2304569,213520426.22406352,0,213520426.22406352,-15611648.006393373
Net Asset Value,Data,Interest Accruals,-404528.9446287,471738.234335,-892038.860864,-420300.626529,-15771.6819003
Net Asset Value,Data,Dividend Accruals,79620.694999,80723.796737,-35.52,80688.276737,1067.581738
Net Asset Value,Data,Total,91593172.23234248,214099931.15214488,-121428212.86959372,92671718.28255115,1078546.050208673
Net Asset Value,Header,Time Weighted Rate of Return
Net Asset Value,Data,1.177539792%
Change in Combined NAV,Header,Field Name,Field Value
Change in NAV,Data,Starting Value,91593172.23234248
Change in NAV,Data,Mark-to-Market,1094393.35869045
Change in NAV,Data,Dividends,30
Change in NAV,Data,Withholding Tax,-9
Change in NAV,Data,Change in Dividend Accruals,62.9880672
Change in NAV,Data,Change in Interest Accruals,-15642.2682065
Change in NAV,Data,Commissions,-1164.20831953
Change in NAV,Data,Other FX Translations,875.179977
Change in NAV,Data,Ending Value,92671718.28255115
Change in NAV,Disclaimer,"This section shows your combined total cash position, and these totals may include cash held at multiple Interactive Brokers companies in different jurisdictions subject to different regulatory protections. Please refer to your separate customer statements from each IB company to see the exact positions held at each company."
Mark-to-Market Performance Summary,Header,Asset Category,Symbol,Prior Quantity,Current Quantity,Prior Price,Current Price,Mark-to-Market P/L Position,Mark-to-Market P/L Transaction,Mark-to-Market P/L Commissions,Mark-to-Market P/L Other,Mark-to-Market P/L Total,Code
Mark-to-Market Performance Summary,Data,Forex,EUR,-15.51,-15.51,1.1675,1.1732,-0.088407,0,0,0,-0.088407,
Mark-to-Market Performance Summary,Data,Forex,HKD,12076.01003306,12076.01003306,0.1276,0.12768,0.9660808,0,0,0,0.9660808,
Mark-to-Market Performance Summary,Data,Forex,JPY,0.0015055,0.0015055,0.0062325,0.0063849,0.00000023,0,0,0,0.00000023,
Mark-to-Market Performance Summary,Data,Forex,SGD,-0.00005944,-0.00005944,0.78037,0.78555,-0.00000031,0,0,0,-0.00000031,
Mark-to-Market Performance Summary,Data,Forex,USD,-1421.936961216,-1421.936961216,1.0000,1.0000,0,0,0,0,0,
Mark-to-Market Performance Summary,Data,Total,,,,,,0.87767372,0,0,0,0.87767372,
Mark-to-Market Performance Summary,Data,Total (All Assets),,,,,,1052977.03480245,41416.323888,-1164.20831953,21,1093250.15037092,
Mark-to-Market Performance Summary,Data,Stocks,1109,2000,2000,32.9600,32.5000,-117.4656,0,0,0,-117.4656,
Mark-to-Market Performance Summary,Data,Stocks,1258,427000,427000,13.6900,13.4000,-15810.6144,0,0,0,-15810.6144,
Mark-to-Market Performance Summary,Data,Stocks,1288,6000,6000,6.1700,6.0800,-68.9472,0,0,0,-68.9472,
Mark-to-Market Performance Summary,Data,Stocks,1398,6000,6000,7.2200,7.0300,-145.5552,0,0,0,-145.5552,
Mark-to-Market Performance Summary,Data,Stocks,1698,2000,2000,36.5800,35.0800,-383.04,0,0,0,-383.04,
Mark-to-Market Performance Summary,Data,Stocks,1810,200,200,30.1400,29.0200,-28.60032,0,0,0,-28.60032,
Mark-to-Market Performance Summary,Data,Stocks,2359,300,300,137.8000,136.0000,-68.9472,0,0,0,-68.9472,
Mark-to-Market Performance Summary,Data,Stocks,2800,2000,2000,26.2400,25.9000,-86.8224,0,0,0,-86.8224,
Mark-to-Market Performance Summary,Data,Stocks,2828,600,600,91.0000,88.8800,-162.40896,0,0,0,-162.40896,
Mark-to-Market Performance Summary,Data,Stocks,2899,110000,110000,36.4600,35.6800,-10954.944,0,0,0,-10954.944,
Mark-to-Market Performance Summary,Data,Stocks,3067,700,700,10.3100,10.2600,-4.4688,0,0,0,-4.4688,
Mark-to-Market Performance Summary,Data,Stocks,3750,4700,4700,627.5000,608.0000,-11701.872,0,0,0,-11701.872,
Mark-to-Market Performance Summary,Data,Stocks,388,23500,23500,419.8000,412.4000,-22203.552,0,0,0,-22203.552,
Mark-to-Market Performance Summary,Data,Stocks,3988,4000,4000,5.1800,5.0600,-61.2864,0,0,0,-61.2864,
Mark-to-Market Performance Summary,Data,Stocks,6301.T,35300,35300,"6,856.0000","6,557.0000",-67390.70403,0,0,0,-67390.70403,
Mark-to-Market Performance Summary,Data,Stocks,700,200,200,479.2000,467.8000,-291.1104,0,0,0,-291.1104,
Mark-to-Market Performance Summary,Data,Stocks,762,16000,16000,7.4200,7.3200,-204.288,0,0,0,-204.288,
Mark-to-Market Performance Summary,Data,Stocks,7974.T,18700,0,"7,922.0000","7,687.0000",-28058.44305,8066.04417,-395.366131523,0,-20387.765011523,
Mark-to-Market Performance Summary,Data,Stocks,8346.T,18000,0,689.0000,667.0000,-2528.4204,-511.941282,-32.531226016,0,-3072.892908016,
Mark-to-Market Performance Summary,Data,Stocks,8360.T,2100,2100,"5,500.0000","5,380.0000",-1608.9948,0,0,0,-1608.9948,
Mark-to-Market Performance Summary,Data,Stocks,857,342000,342000,11.9800,12.0300,2183.328,0,0,0,2183.328,
Mark-to-Market Performance Summary,Data,Stocks,883,106000,106000,29.3800,29.3800,0,0,0,0,0,
Mark-to-Market Performance Summary,Data,Stocks,9633,1800,1800,48.1800,46.8000,-317.15712,0,0,0,-317.15712,
Mark-to-Market Performance Summary,Data,Stocks,A17U,6000,6000,2.4900,2.4900,0,0,0,0,0,
Mark-to-Market Performance Summary,Data,Stocks,AGQ,790,790,106.1700,112.0900,4676.8,0,0,0,4676.8,
Mark-to-Market Performance Summary,Data,Stocks,APD,3520,0,302.5000,300.0500,-8624,296.049,-32.16360501,0,-8360.11460501,
Mark-to-Market Performance Summary,Data,Stocks,AVAV,1362,1362,183.5000,195.0200,15690.24,0,0,0,15690.24,
Mark-to-Market Performance Summary,Data,Stocks,AVDV,18900,18900,103.6600,106.1500,47061,0,0,0,47061,
Mark-to-Market Performance Summary,Data,Stocks,AVEM,22075,22075,88.5700,90.3600,39514.25,0,0,0,39514.25,
Mark-to-Market Performance Summary,Data,Stocks,AVUV,14660,14660,118.6000,120.1400,22576.4,0,0,0,22576.4,
Mark-to-Market Performance Summary,Data,Stocks,BABA,14901,14901,130.4300,131.8800,21606.45,0,0,0,21606.45,
Mark-to-Market Performance Summary,Data,Stocks,BMNR,70,70,20.6600,21.4000,51.8,0,0,0,51.8,
Mark-to-Market Performance Summary,Data,Stocks,BN4,3000,3000,10.8000,10.8700,164.9655,0,0,0,164.9655,
Mark-to-Market Performance Summary,Data,Stocks,BWXT,821,821,208.0800,216.3900,6822.51,0,0,0,6822.51,
Mark-to-Market Performance Summary,Data,Stocks,C6L,200,200,6.3100,6.2900,-3.1422,0,0,0,-3.1422,
Mark-to-Market Performance Summary,Data,Stocks,CEG,15,15,297.0000,313.0000,240,0,0,0,240,
Mark-to-Market Performance Summary,Data,Stocks,CF,8000,0,126.7800,124.2000,-20640,7688.16,-39.9953561,0,-12991.8353561,
Mark-to-Market Performance Summary,Data,Stocks,CLSE,659624,659624,31.0200,31.2900,178098.48,0,0,0,178098.48,
Mark-to-Market Performance Summary,Data,Stocks,CME,29,29,287.2700,287.8200,15.95,0,0,0,15.95,
Mark-to-Market Performance Summary,Data,Stocks,CNQ,27000,0,47.2100,47.6900,12960,594.2968,-77.73218801,0,13476.56461199,
Mark-to-Market Performance Summary,Data,Stocks,CNXT,103455,103455,51.8500,53.0600,125180.55,0,0,0,125180.55,
Mark-to-Market Performance Summary,Data,Stocks,COIN,5,5,181.7300,187.7700,30.2,0,0,0,30.2,
Mark-to-Market Performance Summary,Data,Stocks,COLO,45862,45862,38.4300,38.5900,7337.92,0,0,0,7337.92,
Mark-to-Market Performance Summary,Data,Stocks,COPX,22500,0,77.7300,79.6100,42300,-1652.505,-116.11849965,0,40531.37650035,
Mark-to-Market Performance Summary,Data,Stocks,CSCO,13,13,89.5700,91.5000,25.09,0,0,0,25.09,
Mark-to-Market Performance Summary,Data,Stocks,CTAS,10,10,173.9500,174.7100,7.6,0,0,0,7.6,
Mark-to-Market Performance Summary,Data,Stocks,CVX,361,361,192.2200,193.3100,393.49,0,0,0,393.49,
Mark-to-Market Performance Summary,Data,Stocks,D05,800,800,56.5600,58.5000,1219.1736,0,0,0,1219.1736,
Mark-to-Market Performance Summary,Data,Stocks,DBMF,612026,612026,31.1200,30.5600,-342734.56,0,0,0,-342734.56,
Mark-to-Market Performance Summary,Data,Stocks,DE,401,401,560.0200,589.8700,11969.85,0,0,0,11969.85,
Mark-to-Market Performance Summary,Data,Stocks,DG,5000,5000,114.1300,115.8800,8750,0,0,0,8750,
Mark-to-Market Performance Summary,Data,Stocks,EBND,271664,271664,20.9100,21.0400,35316.32,0,0,0,35316.32,
Mark-to-Market Performance Summary,Data,Stocks,EFA,1,1,99.9300,102.3200,2.39,0,0,0,2.39,
Mark-to-Market Performance Summary,Data,Stocks,EMLC,224882,224882,25.4100,25.5600,33732.3,0,0,0,33732.3,
Mark-to-Market Performance Summary,Data,Stocks,EMR,36,36,136.5600,140.4400,139.68,0,0,0,139.68,
Mark-to-Market Performance Summary,Data,Stocks,ETN,17,17,410.7700,433.0100,378.08,0,0,0,378.08,
Mark-to-Market Performance Summary,Data,Stocks,EWY,30900,30900,153.9600,160.7600,210120,0,0,0,210120,
Mark-to-Market Performance Summary,Data,Stocks,EWZ,76000,76000,38.6500,39.7000,79800,0,0,0,79800,
Mark-to-Market Performance Summary,Data,Stocks,FXY,33,33,57.2600,58.6300,45.21,0,0,0,45.21,
Mark-to-Market Performance Summary,Data,Stocks,GDX,12103,0,86.2200,88.2900,25053.21,-2872.528,-44.9019762,0,22135.7800238,
Mark-to-Market Performance Summary,Data,Stocks,GEV,1662,1662,"1,063.1100","1,083.4600",33821.7,0,0,0,33821.7,
Mark-to-Market Performance Summary,Data,Stocks,GIS,21300,0,34.4700,35.3100,17892,-1213.398,-57.51130905,0,16621.09069095,
Mark-to-Market Performance Summary,Data,Stocks,HGER,611000,611000,32.4200,32.5900,103870,0,0,0,103870,
Mark-to-Market Performance Summary,Data,Stocks,IAUM,59428,59428,45.3100,45.9800,39816.76,0,0,0,39816.76,
Mark-to-Market Performance Summary,Data,Stocks,ICE,42,42,156.1900,158.0900,79.8,0,0,0,79.8,
Mark-to-Market Performance Summary,Data,Stocks,JPM,20,20,309.2500,313.2300,79.6,0,0,21,100.6,
Mark-to-Market Performance Summary,Data,Stocks,K71U.DIST,333,333,0.8900,0.8900,0,0,0,0,0,
Mark-to-Market Performance Summary,Data,Stocks,KMLM,558200,577283,29.9400,29.6400,-167460,1006.65,-38.39500475,0,-166491.74500475,
Mark-to-Market Performance Summary,Data,Stocks,KORU,3800,3800,521.6100,587.7600,251370,0,0,0,251370,
Mark-to-Market Performance Summary,Data,Stocks,KRE,1451,1451,69.0300,69.8500,1189.82,0,0,0,1189.82,
Mark-to-Market Performance Summary,Data,Stocks,LAC,1794,1794,4.9500,5.7300,1399.32,0,0,0,1399.32,
Mark-to-Market Performance Summary,Data,Stocks,LIN,4000,0,504.7100,501.1400,-14280,12573.61,-50.43036237,0,-1756.82036237,
Mark-to-Market Performance Summary,Data,Stocks,LLY,3,3,851.2100,934.6000,250.17,0,0,0,250.17,
Mark-to-Market Performance Summary,Data,Stocks,ME8U,8000,8000,1.9700,1.9700,0,0,0,0,0,
Mark-to-Market Performance Summary,Data,Stocks,MELI,82,82,"1,767.0200","1,792.6300",2100.02,0,0,0,2100.02,
Mark-to-Market Performance Summary,Data,Stocks,MSFT,6440,0,424.4600,407.7800,-107419.2,4775.8622,-59.97213373,0,-102703.30993373,
Mark-to-Market Performance Summary,Data,Stocks,NOC,2747,2747,572.4100,579.4800,19421.29,0,0,0,19421.29,
Mark-to-Market Performance Summary,Data,Stocks,NVDA,8907,0,209.2500,199.5700,-86219.76,8891.814,-70.16269813,0,-77398.10869813,
Mark-to-Market Performance Summary,Data,Stocks,NVO,18100,18100,40.2900,42.2200,34933,0,0,0,34933,
Mark-to-Market Performance Summary,Data,Stocks,O,100,100,63.2900,64.2400,95,0,0,0,95,
Mark-to-Market Performance Summary,Data,Stocks,PANW,34,34,181.5400,179.3200,-75.48,0,0,0,-75.48,
Mark-to-Market Performance Summary,Data,Stocks,PKB,10,10,105.6500,108.5800,29.3,0,0,0,29.3,
Mark-to-Market Performance Summary,Data,Stocks,PLTR,18017,0,137.9700,139.1100,20539.38,3242.21,-128.42157259,0,23653.16842741,
Mark-to-Market Performance Summary,Data,Stocks,PM,8810,8810,162.7100,165.0700,20791.6,0,0,0,20791.6,
Mark-to-Market Performance Summary,Data,Stocks,QQQ,24680,24680,661.5700,667.7400,152275.6,0,0,0,152275.6,
Mark-to-Market Performance Summary,Data,Stocks,RBLX,3800,3800,56.2800,55.2600,-3876,0,0,0,-3876,
Mark-to-Market Performance Summary,Data,Stocks,REMX,9000,9000,101.0400,105.4300,39510,0,0,0,39510,
Mark-to-Market Performance Summary,Data,Stocks,RTX,1820,1820,172.7900,176.0700,5969.6,0,0,0,5969.6,
Mark-to-Market Performance Summary,Data,Stocks,S68,66900,66900,21.2900,21.7000,21546.85095,0,0,0,21546.85095,
Mark-to-Market Performance Summary,Data,Stocks,SCHD,143200,143200,31.4500,32.0700,88784,0,0,0,88784,
Mark-to-Market Performance Summary,Data,Stocks,SCJ,10700,10700,98.9500,100.9300,21186,0,0,0,21186,
Mark-to-Market Performance Summary,Data,Stocks,SGOV,485340,485340,100.6700,100.6700,0,0,0,0,0,
Mark-to-Market Performance Summary,Data,Stocks,SHLD,7000,7000,66.5900,68.2100,11340,0,0,0,11340,
Mark-to-Market Performance Summary,Data,Stocks,SHYG,1521,1521,42.5500,42.6700,182.52,0,0,0,182.52,
Mark-to-Market Performance Summary,Data,Stocks,SLI,20100,20100,3.7000,3.8600,3216,0,0,0,3216,
Mark-to-Market Performance Summary,Data,Stocks,SPXL,2,2,239.6000,246.3700,13.54,0,0,0,13.54,
Mark-to-Market Performance Summary,Data,Stocks,TLT,5600,0,85.7000,85.6200,-448,532,-20.5062564,0,63.4937436,
Mark-to-Market Performance Summary,Data,Stocks,U11,51700,51700,35.7800,36.1500,15026.78595,0,0,0,15026.78595,
Mark-to-Market Performance Summary,Data,Stocks,U96,503600,503600,6.6400,6.6500,3956.0298,0,0,0,3956.0298,
Mark-to-Market Performance Summary,Data,Stocks,URA,6788,6788,52.8900,56.4200,23961.64,0,0,0,23961.64,
Mark-to-Market Performance Summary,Data,Stocks,USMV,1,1,93.8800,94.6400,0.76,0,0,0,0.76,
Mark-to-Market Performance Summary,Data,Stocks,UTES,100,100,81.5500,84.1300,258,0,0,0,258,
Mark-to-Market Performance Summary,Data,Stocks,VDE,1600,1600,168.1300,169.5800,2320,0,0,0,2320,
Mark-to-Market Performance Summary,Data,Stocks,VNAM,6000,6000,25.9000,25.9500,300,0,0,0,300,
Mark-to-Market Performance Summary,Data,Stocks,VRT,21,21,306.1800,328.4900,468.51,0,0,0,468.51,
Mark-to-Market Performance Summary,Data,Stocks,VST,10,10,153.7900,157.8400,40.5,0,0,0,40.5,
Mark-to-Market Performance Summary,Data,Stocks,VZ,6003,6003,46.6100,48.0300,8524.26,0,0,0,8524.26,
Mark-to-Market Performance Summary,Data,Stocks,XLE,33850,33850,59.0300,59.6500,20987,0,0,0,20987,
Mark-to-Market Performance Summary,Data,Stocks,XLV,20000,20000,142.8400,145.9900,63000,0,0,0,63000,
Mark-to-Market Performance Summary,Data,Stocks,Z74,143300,143300,4.5300,4.5900,6754.1589,0,0,0,6754.1589,
Mark-to-Market Performance Summary,Data,Total,,,,,,1056785.96822,41416.323888,-1164.20831953,21,1097059.08378847,
Mark-to-Market Performance Summary,Data,Forex,CAD,0.000004515,0.000004515,0.73074,0.73626,0.00000002,0,0,0,0.00000002,
Mark-to-Market Performance Summary,Data,Forex,CHF,-0.000029287,-0.000029287,1.2634,1.2798,-0.00000048,0,0,0,-0.00000048,
Mark-to-Market Performance Summary,Data,Forex,EUR,17.882357913,17.882357913,1.1675,1.1732,0.10192944,0,0,0,0.10192944,
Mark-to-Market Performance Summary,Data,Forex,HKD,-27970522.322956618,-27970522.322956618,0.1276,0.12768,209.18293417,0,0,0,209.18293417,
Mark-to-Market Performance Summary,Data,Forex,JPY,-447396567.2381744,-290527564.3187144,0.0062325,0.0063849,-5072.8423671,0,0,0,-5072.8423671,
Mark-to-Market Performance Summary,Data,Forex,MXN,-0.00382842,-0.00382842,0.057011,0.057256,-0.00000094,0,0,0,-0.00000094,
Mark-to-Market Performance Summary,Data,Forex,SEK,0.000335185,0.000335185,0.10728,0.10825,0.00000033,0,0,0,0.00000033,
Mark-to-Market Performance Summary,Data,Forex,SGD,-7173660.421489611,-7173660.421489611,0.78037,0.78555,1053.74641329,0,0,0,1053.74641329,
Mark-to-Market Performance Summary,Data,Forex,USD,-125258568.34303948,-109447683.62300149,1.0000,1.0000,0,0,0,0,0,
Mark-to-Market Performance Summary,Data,Total,,,,,,-3809.81109127,0,0,0,-3809.81109127,
Mark-to-Market Performance Summary,Data,Total (All Assets),,,,,,1052977.03480245,41416.323888,-1164.20831953,21,1093250.15037092,
Realized & Unrealized Performance Summary,Header,Asset Category,Symbol,Cost Adj.,Realized S/T Profit,Realized S/T Loss,Realized L/T Profit,Realized L/T Loss,Realized Total,Unrealized S/T Profit,Unrealized S/T Loss,Unrealized L/T Profit,Unrealized L/T Loss,Unrealized Total,Total,Code
Realized & Unrealized Performance Summary,Data,Forex,EUR,0,0,0,0,0,0,0,-1.220637,0,0,-1.220637,-1.220637,
Realized & Unrealized Performance Summary,Data,Forex,HKD,0,0,0,0,0,0,0.041403,-12.404136,0,0,-12.362733,-12.362733,
Realized & Unrealized Performance Summary,Data,Total,,0,0,0,0,0,0,0.041403,-13.624778,0,0,-13.583375,-13.583375,
Realized & Unrealized Performance Summary,Data,Stocks,1109,0,0,0,0,0,0,364.794645466,0,0,0,364.794645466,364.794645466,
Realized & Unrealized Performance Summary,Data,Stocks,1258,0,0,0,0,0,0,0,-96866.044253664,0,0,-96866.044253664,-96866.044253664,
Realized & Unrealized Performance Summary,Data,Stocks,1288,0,0,0,0,0,0,575.451992909,0,0,0,575.451992909,575.451992909,
Realized & Unrealized Performance Summary,Data,Stocks,1398,0,0,0,0,0,0,588.536752306,0,0,0,588.536752306,588.536752306,
Realized & Unrealized Performance Summary,Data,Stocks,1698,0,0,0,0,0,0,0,-8827.607270362,0,0,-8827.607270362,-8827.607270362,
Realized & Unrealized Performance Summary,Data,Stocks,1810,0,0,0,0,0,0,0,-655.489564531,0,0,-655.489564531,-655.489564531,
Realized & Unrealized Performance Summary,Data,Stocks,2359,0,0,0,0,0,0,1366.132416432,0,0,0,1366.132416432,1366.132416432,
Realized & Unrealized Performance Summary,Data,Stocks,2800,0,0,0,0,0,0,394.464505075,0,0,0,394.464505075,394.464505075,
Realized & Unrealized Performance Summary,Data,Stocks,2828,0,0,0,0,0,0,67.787478985,0,0,0,67.787478985,67.787478985,
Realized & Unrealized Performance Summary,Data,Stocks,2899,0,0,0,0,0,0,1736.171215296,-98759.887738445,0,0,-97023.716523149,-97023.716523149,
Realized & Unrealized Performance Summary,Data,Stocks,3067,0,0,0,0,0,0,0,-115.047967198,0,0,-115.047967198,-115.047967198,
Realized & Unrealized Performance Summary,Data,Stocks,3750,0,0,0,0,0,0,1905.65266416,-47861.274017088,0,0,-45955.621352928,-45955.621352928,
Realized & Unrealized Performance Summary,Data,Stocks,388,0,0,0,0,0,0,3535.40340384,-8836.138720282,0,0,-5300.735316442,-5300.735316442,
Realized & Unrealized Performance Summary,Data,Stocks,3988,0,0,0,0,0,0,231.074821333,0,0,0,231.074821333,231.074821333,
Realized & Unrealized Performance Summary,Data,Stocks,6301.T,0,0,0,0,0,0,0,-181906.569297252,0,0,-181906.569297252,-181906.569297252,
Realized & Unrealized Performance Summary,Data,Stocks,700,0,0,0,0,0,0,0,-2985.26798136,0,0,-2985.26798136,-2985.26798136,
Realized & Unrealized Performance Summary,Data,Stocks,762,0,0,0,0,0,0,0,-5651.500126003,0,0,-5651.500126003,-5651.500126003,
Realized & Unrealized Performance Summary,Data,Stocks,7974.T,0,0,-160954.68415607,0,0,-160954.68415607,0,0,0,0,0,-160954.68415607,
Realized & Unrealized Performance Summary,Data,Stocks,8346.T,0,7655.606182319,-1192.814988146,0,0,6462.791194173,0,0,0,0,0,6462.791194173,
Realized & Unrealized Performance Summary,Data,Stocks,8360.T,0,0,0,0,0,0,11329.480714989,0,0,0,11329.480714989,11329.480714989,
Realized & Unrealized Performance Summary,Data,Stocks,857,0,0,0,0,0,0,127059.559926788,0,0,0,127059.559926788,127059.559926788,
Realized & Unrealized Performance Summary,Data,Stocks,883,0,0,0,0,0,0,78498.205534674,0,0,0,78498.205534674,78498.205534674,
Realized & Unrealized Performance Summary,Data,Stocks,9633,0,0,0,0,0,0,0,-1249.330476643,0,0,-1249.330476643,-1249.330476643,
Realized & Unrealized Performance Summary,Data,Stocks,A17U,0,0,0,0,0,0,0,-1543.694737104,0,0,-1543.694737104,-1543.694737104,
Realized & Unrealized Performance Summary,Data,Stocks,AGQ,0,0,0,0,0,0,3573.98769,-113696.974386,0,0,-110122.986696,-110122.986696,
Realized & Unrealized Performance Summary,Data,Stocks,APD,0,32537.61822199,0,0,0,32537.61822199,0,0,0,0,0,32537.61822199,
Realized & Unrealized Performance Summary,Data,Stocks,AVAV,0,0,0,0,0,0,0,-207716.168626,0,0,-207716.168626,-207716.168626,
Realized & Unrealized Performance Summary,Data,Stocks,AVDV,0,0,0,0,0,0,62900.062906,-1352.781911,0,0,61547.280995,61547.280995,
Realized & Unrealized Performance Summary,Data,Stocks,AVEM,0,0,0,0,0,0,176917.990031,0,0,0,176917.990031,176917.990031,
Realized & Unrealized Performance Summary,Data,Stocks,AVUV,0,0,0,0,0,0,90868.961145,0,0,0,90868.961145,90868.961145,
Realized & Unrealized Performance Summary,Data,Stocks,BABA,0,0,0,0,0,0,11.189477,-162686.885342,0,0,-162675.695865,-162675.695865,
Realized & Unrealized Performance Summary,Data,Stocks,BMNR,0,0,0,0,0,0,0,-2201.543643,0,0,-2201.543643,-2201.543643,
Realized & Unrealized Performance Summary,Data,Stocks,BN4,0,0,0,0,0,0,590.599640158,-2066.208226935,0,0,-1475.608586776,-1475.608586776,
Realized & Unrealized Performance Summary,Data,Stocks,BWXT,0,0,0,0,0,0,13758.361808,0,0,0,13758.361808,13758.361808,
Realized & Unrealized Performance Summary,Data,Stocks,C6L,0,0,0,0,0,0,0,-82.698644278,0,0,-82.698644278,-82.698644278,
Realized & Unrealized Performance Summary,Data,Stocks,CEG,0,0,0,0,0,0,0,-448.998347,0,0,-448.998347,-448.998347,
Realized & Unrealized Performance Summary,Data,Stocks,CF,0,42435.33682025,-12948.08193534,0,0,29487.25488491,0,0,0,0,0,29487.25488491,
Realized & Unrealized Performance Summary,Data,Stocks,CLSE,0,0,0,0,0,0,689595.097706,0,0,0,689595.097706,689595.097706,
Realized & Unrealized Performance Summary,Data,Stocks,CME,0,0,0,0,0,0,192.037731,0,0,0,192.037731,192.037731,
Realized & Unrealized Performance Summary,Data,Stocks,CNQ,0,0,-28721.70407701,0,0,-28721.70407701,0,0,0,0,0,-28721.70407701,
Realized & Unrealized Performance Summary,Data,Stocks,CNXT,0,0,0,0,0,0,734420.910712,0,0,0,734420.910712,734420.910712,
Realized & Unrealized Performance Summary,Data,Stocks,COIN,0,0,0,0,0,0,0,-789.054617,0,0,-789.054617,-789.054617,
Realized & Unrealized Performance Summary,Data,Stocks,COLO,0,0,0,0,0,0,7233.986811,-116262.277618,0,0,-109028.290807,-109028.290807,
Realized & Unrealized Performance Summary,Data,Stocks,COPX,0,14.4129043,-150242.11637795,0,0,-150227.70347365,0,0,0,0,0,-150227.70347365,
Realized & Unrealized Performance Summary,Data,Stocks,CSCO,0,0,0,0,0,0,291.392745,0,0,0,291.392745,291.392745,
Realized & Unrealized Performance Summary,Data,Stocks,CTAS,0,0,0,0,0,0,0,-349.317281,0,0,-349.317281,-349.317281,
Realized & Unrealized Performance Summary,Data,Stocks,CVX,0,0,0,0,0,0,10887.643625,0,0,0,10887.643625,10887.643625,
Realized & Unrealized Performance Summary,Data,Stocks,D05,0,0,0,0,0,0,4928.461981606,0,0,0,4928.461981606,4928.461981606,
Realized & Unrealized Performance Summary,Data,Stocks,DBMF,0,0,0,0,0,0,159109.251912,-2775.72898,0,0,156333.522932,156333.522932,
Realized & Unrealized Performance Summary,Data,Stocks,DE,0,0,0,0,0,0,14440.384455,-10305.180264,0,0,4135.204191,4135.204191,
Realized & Unrealized Performance Summary,Data,Stocks,DG,0,0,0,0,0,0,546.327542,-135616.848803,0,0,-135070.521261,-135070.521261,
Realized & Unrealized Performance Summary,Data,Stocks,EBND,0,0,0,0,0,0,0,-168648.252527,0,0,-168648.252527,-168648.252527,
Realized & Unrealized Performance Summary,Data,Stocks,EFA,0,0,0,0,0,0,13.042771,0,0,0,13.042771,13.042771,
Realized & Unrealized Performance Summary,Data,Stocks,EMLC,0,0,0,0,0,0,0,-160770.242588,0,0,-160770.242588,-160770.242588,
Realized & Unrealized Performance Summary,Data,Stocks,EMR,0,0,0,0,0,0,73.421169,0,0,0,73.421169,73.421169,
Realized & Unrealized Performance Summary,Data,Stocks,ETN,0,0,0,0,0,0,1285.021107,0,0,0,1285.021107,1285.021107,
Realized & Unrealized Performance Summary,Data,Stocks,EWY,0,0,0,0,0,0,814227.498008,0,0,0,814227.498008,814227.498008,
Realized & Unrealized Performance Summary,Data,Stocks,EWZ,0,0,0,0,0,0,89596.612053,-10619.937485,0,0,78976.674568,78976.674568,
Realized & Unrealized Performance Summary,Data,Stocks,FXY,0,0,0,0,0,0,0,-140.930575,0,0,-140.930575,-140.930575,
Realized & Unrealized Performance Summary,Data,Stocks,GDX,0,0,-192810.7637042,0,0,-192810.7637042,0,0,0,0,0,-192810.7637042,
Realized & Unrealized Performance Summary,Data,Stocks,GEV,0,0,0,0,0,0,372593.895677,-4352.334257,0,0,368241.56142,368241.56142,
Realized & Unrealized Performance Summary,Data,Stocks,GIS,0,0,-55581.33993005,0,0,-55581.33993005,0,0,0,0,0,-55581.33993005,
Realized & Unrealized Performance Summary,Data,Stocks,HGER,0,0,0,0,0,0,1111753.283764,0,0,0,1111753.283764,1111753.283764,
Realized & Unrealized Performance Summary,Data,Stocks,IAUM,0,0,0,0,0,0,16873.155711,-214166.461196,0,0,-197293.305485,-197293.305485,
Realized & Unrealized Performance Summary,Data,Stocks,ICE,0,0,0,0,0,0,0,-1014.74197,0,0,-1014.74197,-1014.74197,
Realized & Unrealized Performance Summary,Data,Stocks,JPM,0,0,0,0,0,0,133.779971,0,0,0,133.779971,133.779971,
Realized & Unrealized Performance Summary,Data,Stocks,K71U.DIST,0,0,0,0,0,0,5.883513411,-17.524736756,0,0,-11.641223346,-11.641223346,
Realized & Unrealized Performance Summary,Data,Stocks,KMLM,0,0,0,0,0,0,851388.299152,0,0,0,851388.299152,851388.299152,
Realized & Unrealized Performance Summary,Data,Stocks,KORU,0,0,0,0,0,0,622659.634421,0,0,0,622659.634421,622659.634421,
Realized & Unrealized Performance Summary,Data,Stocks,KRE,0,0,0,0,0,0,3724.488703,0,0,0,3724.488703,3724.488703,
Realized & Unrealized Performance Summary,Data,Stocks,LAC,0,0,0,0,0,0,0,-333.356633,0,0,-333.356633,-333.356633,
Realized & Unrealized Performance Summary,Data,Stocks,LIN,0,31205.09175363,0,0,0,31205.09175363,0,0,0,0,0,31205.09175363,
Realized & Unrealized Performance Summary,Data,Stocks,LLY,0,0,0,0,0,0,562.498431,0,0,0,562.498431,562.498431,
Realized & Unrealized Performance Summary,Data,Stocks,ME8U,0,0,0,0,0,0,0,-402.889364736,0,0,-402.889364736,-402.889364736,
Realized & Unrealized Performance Summary,Data,Stocks,MELI,0,0,0,0,0,0,0,-32182.979958,0,0,-32182.979958,-32182.979958,
Realized & Unrealized Performance Summary,Data,Stocks,MSFT,0,155972.20668627,0,0,0,155972.20668627,0,0,0,0,0,155972.20668627,
Realized & Unrealized Performance Summary,Data,Stocks,NOC,0,0,0,0,0,0,8.942328,-295455.891264,0,0,-295446.948936,-295446.948936,
Realized & Unrealized Performance Summary,Data,Stocks,NVDA,0,246651.03175587,0,0,0,246651.03175587,0,0,0,0,0,246651.03175587,
Realized & Unrealized Performance Summary,Data,Stocks,NVO,0,0,0,0,0,0,58104.118461,0,0,0,58104.118461,58104.118461,
Realized & Unrealized Performance Summary,Data,Stocks,O,0,0,0,0,0,0,435.747543,0,0,0,435.747543,435.747543,
Realized & Unrealized Performance Summary,Data,Stocks,PANW,0,0,0,0,0,0,0,-782.657814,0,0,-782.657814,-782.657814,
Realized & Unrealized Performance Summary,Data,Stocks,PKB,0,0,0,0,0,0,154.584966,0,0,0,154.584966,154.584966,
Realized & Unrealized Performance Summary,Data,Stocks,PLTR,0,256.05680422,-113048.30573681,0,0,-112792.24893259,0,0,0,0,0,-112792.24893259,
Realized & Unrealized Performance Summary,Data,Stocks,PM,0,0,0,0,0,0,0,-165903.177138,0,0,-165903.177138,-165903.177138,
Realized & Unrealized Performance Summary,Data,Stocks,QQQ,0,0,0,0,0,0,1334458.78743,0,0,0,1334458.78743,1334458.78743,
Realized & Unrealized Performance Summary,Data,Stocks,RBLX,0,0,0,0,0,0,0,-22252.626386,0,0,-22252.626386,-22252.626386,
Realized & Unrealized Performance Summary,Data,Stocks,REMX,0,0,0,0,0,0,146045.234302,0,0,0,146045.234302,146045.234302,
Realized & Unrealized Performance Summary,Data,Stocks,RTX,0,0,0,0,0,0,421.789538,-19549.802646,0,0,-19128.013108,-19128.013108,
Realized & Unrealized Performance Summary,Data,Stocks,S68,0,0,0,0,0,0,179145.107579198,0,0,0,179145.107579198,179145.107579198,
Realized & Unrealized Performance Summary,Data,Stocks,SCHD,0,0,0,0,0,0,97248.268812,0,0,0,97248.268812,97248.268812,
Realized & Unrealized Performance Summary,Data,Stocks,SCJ,0,0,0,0,0,0,1633.396325,-25554.076458,0,0,-23920.680133,-23920.680133,
Realized & Unrealized Performance Summary,Data,Stocks,SGOV,0,0,0,0,0,0,136887.010075,0,0,0,136887.010075,136887.010075,
Realized & Unrealized Performance Summary,Data,Stocks,SHLD,0,0,0,0,0,0,0,-32963.447711,0,0,-32963.447711,-32963.447711,
Realized & Unrealized Performance Summary,Data,Stocks,SHYG,0,0,0,0,0,0,0,-549.460435,0,0,-549.460435,-549.460435,
Realized & Unrealized Performance Summary,Data,Stocks,SLI,0,0,0,0,0,0,0,-22567.152546,0,0,-22567.152546,-22567.152546,
Realized & Unrealized Performance Summary,Data,Stocks,SPXL,0,0,0,0,0,0,140.813554,0,0,0,140.813554,140.813554,
Realized & Unrealized Performance Summary,Data,Stocks,TLT,0,0,-23527.0386014,0,0,-23527.0386014,0,0,0,0,0,-23527.0386014,
Realized & Unrealized Performance Summary,Data,Stocks,U11,0,0,0,0,0,0,0,-80299.613225874,0,0,-80299.613225874,-80299.613225874,
Realized & Unrealized Performance Summary,Data,Stocks,U96,0,0,0,0,0,0,90804.413569622,-48014.852252435,0,0,42789.561317188,42789.561317188,
Realized & Unrealized Performance Summary,Data,Stocks,URA,0,0,0,0,0,0,20885.365512,-140.881323,0,0,20744.484189,20744.484189,
Realized & Unrealized Performance Summary,Data,Stocks,USMV,0,0,0,0,0,0,3.118453,0,0,0,3.118453,3.118453,
Realized & Unrealized Performance Summary,Data,Stocks,UTES,0,0,0,0,0,0,191.82769,0,0,0,191.82769,191.82769,
Realized & Unrealized Performance Summary,Data,Stocks,VDE,0,0,0,0,0,0,35061.167538,0,0,0,35061.167538,35061.167538,
Realized & Unrealized Performance Summary,Data,Stocks,VNAM,0,0,0,0,0,0,1903.749641,0,0,0,1903.749641,1903.749641,
Realized & Unrealized Performance Summary,Data,Stocks,VRT,0,0,0,0,0,0,3719.288507,0,0,0,3719.288507,3719.288507,
Realized & Unrealized Performance Summary,Data,Stocks,VST,0,0,0,0,0,0,0,-363.885231,0,0,-363.885231,-363.885231,
Realized & Unrealized Performance Summary,Data,Stocks,VZ,0,0,0,0,0,0,29729.533606,0,0,0,29729.533606,29729.533606,
Realized & Unrealized Performance Summary,Data,Stocks,XLE,0,0,0,0,0,0,84366.18178,-4978.941539,0,0,79387.240241,79387.240241,
Realized & Unrealized Performance Summary,Data,Stocks,XLV,0,0,0,0,0,0,0,-42348.092029,0,0,-42348.092029,-42348.092029,
Realized & Unrealized Performance Summary,Data,Stocks,Z74,0,0,0,0,0,0,0,-29713.262188262,0,0,-29713.262188262,-29713.262188262,
Realized & Unrealized Performance Summary,Data,Total,,0,516727.361128849,-739026.849506976,0,0,-222299.488378127,8304158.325651249,-2595695.990316208,0,0,5708462.335335041,5486162.846956914,
Realized & Unrealized Performance Summary,Data,Forex,EUR,0,0,0,0,0,0,1.64914,-1.59,0,0,0.05914,0.05914,
Realized & Unrealized Performance Summary,Data,Forex,HKD,0,0,0,0,0,0,3438.74311064,-200.280365,0,0,3238.46274564,3238.46274564,
Realized & Unrealized Performance Summary,Data,Forex,JPY,0,14246.217743,-205.114698,0,0,14041.103045,6544.59367641,-11173.186285,0,0,-4628.59260859,9412.51043641,
Realized & Unrealized Performance Summary,Data,Forex,SGD,0,0,0,0,0,0,11227.813590698,-4660.196317,0,0,6567.617273698,6567.617273698,
Realized & Unrealized Performance Summary,Data,Total,,0,14246.217743,-205.114698,0,0,14041.103045,21212.799517749,-16035.25302,0,0,5177.546497749,19218.649542749,
Realized & Unrealized Performance Summary,Data,Total (All Assets),,0,530973.578871849,-739231.964204976,0,0,-208258.385333127,8325371.166571997,-2611744.868114207,0,0,5713626.29845779,5505367.913124664,
Month & Year to Date Performance Summary,Header,Asset Category,Symbol,Description,Mark-to-Market MTD,Mark-to-Market YTD,Realized S/T MTD,Realized S/T YTD,Realized L/T MTD,Realized L/T YTD
Month & Year to Date Performance Summary,Data,Warrants,DFDVW,DFDVW 21JAN28 22.5 C,0,-45.26390225,0,-99.38938125,0,0
Month & Year to Date Performance Summary,Data,Total,,,0,-45.26390225,0,-99.38938125,0,0
Month & Year to Date Performance Summary,Data,Stocks,1109,CHINA RESOURCES LAND LTD,985.6508,1357.3344,0,0,0,0
Month & Year to Date Performance Summary,Data,Stocks,1258,CHINA NONFERROUS MINING CORP,104100.3796,-97067.27281499,0,0,0,0
Month & Year to Date Performance Summary,Data,Stocks,1288,AGRICULTURAL BANK OF CHINA-H,390.6558,319.5202938,0,0,0,0
Month & Year to Date Performance Summary,Data,Stocks,1398,IND & COMM BK OF CHINA - H,130.2222,592.88701754,0,0,0,0
Month & Year to Date Performance Summary,Data,Stocks,1698,TENCENT MUSIC ENT - CLASS A,-295.606,-7401.85357496,0,0,0,0
Month & Year to Date Performance Summary,Data,Stocks,1810,XIAOMI CORP-CLASS B,-69.90468,-262.99896,0,0,0,0
Month & Year to Date Performance Summary,Data,Stocks,2359,WUXI APPTEC CO LTD-H,708.0717,1431.0993,0,0,0,0
Month & Year to Date Performance Summary,Data,Stocks,268,KINGDEE INTERNATIONAL SFTWR,-33170.02857388,90655.52711876,90581.40049748,90581.40049748,0,0
Month & Year to Date Performance Summary,Data,Stocks,2800,TRACKER FUND OF HONG KONG-B,209.4372,21.8996,0,0,0,0
Month & Year to Date Performance Summary,Data,Stocks,2828,HANGSENG CHINA ENT INDEX,257.40888,-181.6254,0,0,0,0
Month & Year to Date Performance Summary,Data,Stocks,2899,ZIJIN MINING GROUP CO LTD-H,18532.448,-98843.96469748,0,0,0,0
Month & Year to Date Performance Summary,Data,Stocks,3067,ISHARES HANG SENG TECH E,42.0294,-114.40933,0,0,0,0
Month & Year to Date Performance Summary,Data,Stocks,3750,CONTEMPORARY AMPEREX TECHN-H,-47967.87305046,-45208.36045046,0,0,0,0
Month & Year to Date Performance Summary,Data,Stocks,388,HONG KONG EXCHANGES & CLEAR,31130.79920228,3450.52126664,0,0,0,0
Month & Year to Date Performance Summary,Data,Stocks,3988,BANK OF CHINA LTD-H,45.938,362.5033356,0,0,0,0
Month & Year to Date Performance Summary,Data,Stocks,6301.T,KOMATSU LTD,120309.2482,-179928.69711599,0,0,0,0
Month & Year to Date Performance Summary,Data,Stocks,700,TENCENT HOLDINGS LTD,-413.1892,-2621.86586833,0,0,0,0
Month & Year to Date Performance Summary,Data,Stocks,762,CHINA UNICOM HONG KONG LTD,510.7088,-939.2496,0,0,0,0
Month & Year to Date Performance Summary,Data,Stocks,7974.T,NINTENDO CO LTD,-120349.62668152,-159305.98035076,-160954.68415607,-160954.68415607,0,0
Month & Year to Date Performance Summary,Data,Stocks,8346.T,TOHO BANK LTD/THE,1806.41029198,4725.71033059,6462.79119417,6462.79119417,0,0
Month & Year to Date Performance Summary,Data,Stocks,8360.T,YAMANASHI CHUO BANK LTD/THE,2494.7853,9423.58918455,0,0,0,0
Month & Year to Date Performance Summary,Data,Stocks,857,PETROCHINA CO LTD-H,55873.2582,163982.86007732,0,37574.17893708,0,0
Month & Year to Date Performance Summary,Data,Stocks,883,CNOOC LTD-H,18679.002,109098.74144062,0,31979.22383855,0,0
Month & Year to Date Performance Summary,Data,Stocks,9633,NONGFU SPRING CO LTD-H,-27.83484,-8.0811,0,0,0,0
Month & Year to Date Performance Summary,Data,Stocks,9961,TRIP.COM GROUP LTD,-8047.54330749,-1866.99266595,1086.26550928,-2715.33595132,0,0
Month & Year to Date Performance Summary,Data,Stocks,A17U,CAPITALAND ASCENDAS REIT,94.5012,-1282.915512,0,0,0,0
Month & Year to Date Performance Summary,Data,Stocks,AAPL,APPLE INC,0,-23518.19748023,0,-22282.23246223,0,0
Month & Year to Date Performance Summary,Data,Stocks,ABT,ABBOTT LABORATORIES .,0,3523.15542525,0,3523.155426,0,0
Month & Year to Date Performance Summary,Data,Stocks,AGG,ISHARES CORE U.S. AGGREGATE,0,132.98,0,0,0,0
Month & Year to Date Performance Summary,Data,Stocks,AGQ,PROSHARES ULTRA SILVER,-5861.8,-117999.97438875,0,0,0,0
Month & Year to Date Performance Summary,Data,Stocks,AI,C3.AI INC-A,0,44576.76916175,0,44576.76915759,0,0
Month & Year to Date Performance Summary,Data,Stocks,AMD,ADVANCED MICRO DEVICES,0,50999.56106875,0,50999.561069,0,0
Month & Year to Date Performance Summary,Data,Stocks,ANF,ABERCROMBIE & FITCH CO-CL A,5925.41673957,-6857.80627393,-6857.80627043,-6857.80627043,0,0
Month & Year to Date Performance Summary,Data,Stocks,APD,AIR PRODUCTS & CHEMICALS INC,33915.08539499,32537.61822059,32537.61822199,32537.61822199,0,0
Month & Year to Date Performance Summary,Data,Stocks,APP,APPLOVIN CORP-CLASS A,-56462.79234407,453116.9121989,68341.67405794,453153.58825088,0,0
Month & Year to Date Performance Summary,Data,Stocks,ARGT,GLOBAL X MSCI ARGENTINA ETF,48314.61918248,-50904.38368527,-50904.38367238,-50904.38367238,0,0
Month & Year to Date Performance Summary,Data,Stocks,ASML,ASML HOLDING NV-NY REG SHS,0,45757.24292245,0,45757.2429224,0,0
Month & Year to Date Performance Summary,Data,Stocks,AVAV,AEROVIRONMENT INC,16303.14,-207202.2434255,0,0,0,0
Month & Year to Date Performance Summary,Data,Stocks,AVDV,AVANTIS INTL S/C VALUE ETF,116813.119412,180960.60416219,0,117846.373175,0,0
Month & Year to Date Performance Summary,Data,Stocks,AVEM,AVANTIS EMERGING MARKETS EQ,215893.5,177500.84172425,0,0,0,0
Month & Year to Date Performance Summary,Data,Stocks,AVUV,AVANTIS US SMALL CAP VALUE,141762.2,96337.31425675,0,0,0,0
Month & Year to Date Performance Summary,Data,Stocks,BABA,ALIBABA GROUP HOLDING-SP ADR,95664.42,-162701.585344,0,0,0,0
Month & Year to Date Performance Summary,Data,Stocks,BE,BLOOM ENERGY CORP- A,-99427.96407825,-99427.96407825,-99427.96407825,-99427.96407825,0,0
Month & Year to Date Performance Summary,Data,Stocks,BMNR,BITMINE IMMERSION TECHNOLOGI,113.4,-402.5,0,0,0,0
Month & Year to Date Performance Summary,Data,Stocks,BN4,KEPPEL LTD,-1884.07142327,-1579.17585627,0,0,0,0
Month & Year to Date Performance Summary,Data,Stocks,BND,VANGUARD TOTAL BOND MARKET,0,24485.43745418,0,1376.52885418,0,0
Month & Year to Date Performance Summary,Data,Stocks,BWXT,BWX TECHNOLOGIES INC,9769.9,14180.918824,0,0,0,0
Month & Year to Date Performance Summary,Data,Stocks,C6L,SINGAPORE AIRLINES LTD,-48.58192,-16.57122,0,0,0,0
Month & Year to Date Performance Summary,Data,Stocks,CACC,CREDIT ACCEPTANCE CORP,-86387.5726088,-86387.5726088,-86387.5726074,-86387.5726074,0,0
Month & Year to Date Performance Summary,Data,Stocks,CACI,CACI INTERNATIONAL INC -CL A,31745.649384,-52127.52252235,-59060.85077699,-59060.85077699,0,0
Month & Year to Date Performance Summary,Data,Stocks,CCJ,CAMECO CORP,0,-17208.83082,0,-17208.830817,0,0
Month & Year to Date Performance Summary,Data,Stocks,CEG,CONSTELLATION ENERGY,506.25,-599.57,0,0,0,0
Month & Year to Date Performance Summary,Data,Stocks,CF,CF INDUSTRIES HOLDINGS INC,-139162.18697241,-49027.04021541,-49027.04021364,-49027.04021364,0,0
Month & Year to Date Performance Summary,Data,Stocks,CIEN,CIENA CORP,-115124.34814785,-221383.16843985,-115124.348148,-221383.168439,0,0
Month & Year to Date Performance Summary,Data,Stocks,CLSE,CONVERGENCE LONG/SHORT EQY,689595.09764576,689595.09764576,0,0,0,0
Month & Year to Date Performance Summary,Data,Stocks,CME,CME GROUP INC,-218.37,578.69,0,0,0,0
Month & Year to Date Performance Summary,Data,Stocks,CNQ,CANADIAN NATURAL RESOURCES,-190349.18577676,67679.34538324,59397.18538324,59397.18538324,0,0
Month & Year to Date Performance Summary,Data,Stocks,CNXC,CONCENTRIX CORP,0,-16571.73652462,0,-16571.73652375,0,0
Month & Year to Date Performance Summary,Data,Stocks,CNXT,VANECK CHINEXT ETF,856397.27943087,923951.84251536,81673.73406321,177367.82008198,0,0
Month & Year to Date Performance Summary,Data,Stocks,COIN,COINBASE GLOBAL INC -CLASS A,65.8,-191.85,0,0,0,0
Month & Year to Date Performance Summary,Data,Stocks,COLO,GLOBAL X MSCI COLOMBIA ETF,71936.81144362,-85278.25844767,23750.03238078,23750.03238078,0,0
Month & Year to Date Performance Summary,Data,Stocks,COPX,GLOBAL X COPPER MINERS ETF,276019.07683794,-105111.53349631,-105111.53348905,-105111.53348905,0,0
Month & Year to Date Performance Summary,Data,Stocks,CRCL,CIRCLE INTERNET GROUP INC,0,-390165.18439153,0,-390311.0849155,0,0
Month & Year to Date Performance Summary,Data,Stocks,CRM,SALESFORCE INC,121863.636464,187707.00443825,91015.20694,190919.00444025,0,0
Month & Year to Date Performance Summary,Data,Stocks,CRWV,COREWEAVE INC-CL A,0,165014.19442,0,165014.194419,0,0
Month & Year to Date Performance Summary,Data,Stocks,CSCO,CISCO SYSTEMS INC,184.65,195.66,0,0,0,0
Month & Year to Date Performance Summary,Data,Stocks,CTAS,CINTAS CORP,55.7,-130.45,0,0,0,0
Month & Year to Date Performance Summary,Data,Stocks,CVX,CHEVRON CORP,-4905.99,10953.289559,0,0,0,0
Month & Year to Date Performance Summary,Data,Stocks,CWB,SS SPDR BB CONV SEC ETF,0,-1953.3798975,0,-1953.3798965,0,0
Month & Year to Date Performance Summary,Data,Stocks,D05,DBS GROUP HOLDINGS LTD,1514.7648,2132.87905741,0,0,0,0
Month & Year to Date Performance Summary,Data,Stocks,DAX,GLOBAL X DAX GERMANY ETF,0,5.65,0,0,0,0
Month & Year to Date Performance Summary,Data,Stocks,DBMF,IMGP DBI MANAGED FUTURES STR,156333.52288728,156333.52288728,0,0,0,0
Month & Year to Date Performance Summary,Data,Stocks,DDOG,DATADOG INC - CLASS A,0,10072.19362722,0,10057.48325137,0,0
Month & Year to Date Performance Summary,Data,Stocks,DE,DEERE & CO,10654.57,4180.605412,0,0,0,0
Month & Year to Date Performance Summary,Data,Stocks,DFDV,DEFI DEVELOPMENT CORP,6.15919247,-16.72080753,-342.09559753,-342.09559753,0,0
Month & Year to Date Performance Summary,Data,Stocks,DFNS,VANECK DEFENSE ETF,0,-1836.98745465,0,-1836.987454,0,0
Month & Year to Date Performance Summary,Data,Stocks,DG,DOLLAR GENERAL CORP,-12185,-135199.548803,0,0,0,0
Month & Year to Date Performance Summary,Data,Stocks,DIA,SPDR DJIA TRUST,0,1199.03,0,0,0,0
Month & Year to Date Performance Summary,Data,Stocks,DOCU,DOCUSIGN INC,0,-3760.7332525,0,-3760.7332445,0,0
Month & Year to Date Performance Summary,Data,Stocks,DRI,DARDEN RESTAURANTS INC,0,10797.682472,0,10797.682472,0,0
Month & Year to Date Performance Summary,Data,Stocks,EBND,SPDR BLOOMBERG EM BOND,128259.99,-111906.19548625,0,0,0,0
Month & Year to Date Performance Summary,Data,Stocks,EFA,ISHARES MSCI EAFE ETF,5.19,16.04,0,0,0,0
Month & Year to Date Performance Summary,Data,Stocks,EMLC,VANECK JPM EM LOCAL CURR BND,123392.75,-108886.54228225,0,5.93085265,0,0
Month & Year to Date Performance Summary,Data,Stocks,EMR,EMERSON ELECTRIC CO,339.12,291.91,0,0,0,0
Month & Year to Date Performance Summary,Data,Stocks,EPU,ISHARES MSCI PERU AND GLOBAL,148834.22302229,-66996.84119196,-66996.8411907,-66996.8411907,0,0
Month & Year to Date Performance Summary,Data,Stocks,ETHA,ISHARES ETHEREUM TRUST ETF,0,74865.2144605,0,74865.214465,0,0
Month & Year to Date Performance Summary,Data,Stocks,ETN,EATON CORP PLC,1280.78,1963.83,0,0,0,0
Month & Year to Date Performance Summary,Data,Stocks,EWW,ISHARES MSCI MEXICO ETF,76552.8421623,-11494.7560137,-11437.3483787,-11437.3483787,0,0
Month & Year to Date Performance Summary,Data,Stocks,EWY,ISHARES MSCI SOUTH KOREA ETF,1359153.75131679,1147025.41420579,189749.84871379,332797.91619049,0,0
Month & Year to Date Performance Summary,Data,Stocks,EWZ,ISHARES MSCI BRAZIL ETF,82472.60132243,124054.35832043,45046.90704138,45046.90704138,0,0
Month & Year to Date Performance Summary,Data,Stocks,FCA,FIRST TRUST CHINA,137836.50526884,78847.96782184,78847.96782784,78847.96782784,0,0
Month & Year to Date Performance Summary,Data,Stocks,FCG,FIRST TRUST NATURAL GAS ETF,-119663.93455337,135747.47560489,129256.45563924,129256.45563924,0,0
Month & Year to Date Performance Summary,Data,Stocks,FDX,FEDEX CORPORATION,0,16197.786339,0,16197.7863395,0,0
Month & Year to Date Performance Summary,Data,Stocks,FOUR,SHIFT4 PAYMENTS INC-CLASS A,0,-38703.490842,0,-38703.49083,0,0
Month & Year to Date Performance Summary,Data,Stocks,FXF,INVESCO CURRENCYSHARES SWISS,0,-29275.766874,0,-29275.766872,0,0
Month & Year to Date Performance Summary,Data,Stocks,FXY,INVESCO CURRENCYSHARES JAPAN,24.75,-1.32,0,0,0,0
Month & Year to Date Performance Summary,Data,Stocks,GDX,VANECK GOLD MINERS ETF,41048.9047285,-147874.93504125,-147343.35268509,-147343.35268509,0,0
Month & Year to Date Performance Summary,Data,Stocks,GEV,GE VERNOVA INC,296117.8954855,368169.02246425,0,0,0,0
Month & Year to Date Performance Summary,Data,Stocks,GIS,GENERAL MILLS INC,-52845.98166041,-106240.12511566,-106240.12511552,-106240.12511552,0,0
Month & Year to Date Performance Summary,Data,Stocks,HD,HOME DEPOT INC,20.06498162,-7.09501838,-70.26546538,-70.26546538,0,0
Month & Year to Date Performance Summary,Data,Stocks,HGER,HARBOR COMMODITY ALL WEATHER,962483.7491345,1111753.28372725,0,0,0,0
Month & Year to Date Performance Summary,Data,Stocks,HOOD,ROBINHOOD MARKETS INC - A,0,310751.175021,0,310751.17502066,0,0
Month & Year to Date Performance Summary,Data,Stocks,HPP,HUDSON PACIFIC PROPERTIES IN,0,-53321.7503855,0,-53321.750385,0,0
Month & Year to Date Performance Summary,Data,Stocks,IAUM,ISHARES GOLD TRUST MICRO,-42788.16,-201804.463621,0,0,0,0
Month & Year to Date Performance Summary,Data,Stocks,IBIT,ISHARES BITCOIN TRUST ETF,331912.93322503,55510.39765953,55247.58921743,55247.58921743,0,0
Month & Year to Date Performance Summary,Data,Stocks,IBM,INTL BUSINESS MACHINES CORP,0,-32232.57467675,0,-32204.98646225,0,0
Month & Year to Date Performance Summary,Data,Stocks,ICE,INTERCONTINENTAL EXCHANGE IN,34.02,-147.25,0,0,0,0
Month & Year to Date Performance Summary,Data,Stocks,IDMO,INVESCO S&P INTERNATIONAL DE,233109.0522646,89996.01006935,80732.6700806,80732.6700806,0,0
Month & Year to Date Performance Summary,Data,Stocks,IEF,ISHARES 7-10 YEAR TREASURY B,188.15909676,-9257.06862074,-11019.30861624,-11019.30861624,0,0
Month & Year to Date Performance Summary,Data,Stocks,IGV,ISHARES EXPANDED TECH-SOFTWA,-45024.1596971,-117871.3773371,-117871.3773371,-117871.3773371,0,0
Month & Year to Date Performance Summary,Data,Stocks,INTC,INTEL CORP,0,200691.58164,0,200691.58164093,0,0
Month & Year to Date Performance Summary,Data,Stocks,IWM,ISHARES RUSSELL 2000 ETF,0,19.04,0,0,0,0
Month & Year to Date Performance Summary,Data,Stocks,JBGS,JBG SMITH PROPERTIES,0,12979.16584,0,12979.165843,0,0
Month & Year to Date Performance Summary,Data,Stocks,JBHT,HUNT (JB) TRANSPRT SVCS INC,0,-20093.717322,0,-20093.717322,0,0
Month & Year to Date Performance Summary,Data,Stocks,JBLU,JETBLUE AIRWAYS CORP,0,-87102.19978,0,-87102.199779,0,0
Month & Year to Date Performance Summary,Data,Stocks,JPIB,JPMORGAN INTL BND ETF,0,610.67,0,0,0,0
Month & Year to Date Performance Summary,Data,Stocks,JPM,JPMORGAN CHASE & CO,402.4,1395.28126702,0,3174.17110452,0,0
Month & Year to Date Performance Summary,Data,Stocks,K71U.DIST,KEPPEL REIT - DISTRIBUTION,-0.23272063,-0.23272063,-0.21504173,-0.21504173,0,0
Month & Year to Date Performance Summary,Data,Stocks,KLAC,KLA CORP,0,-79624.6166104,0,-78066.6166081,0,0
Month & Year to Date Performance Summary,Data,Stocks,KMLM,KRANESHARES MT LC MN FT ID S,851388.29908798,851388.29908798,0,0,0,0
Month & Year to Date Performance Summary,Data,Stocks,KORU,DIREXION DAILY SO KOREA BULL,2664975.53811831,1886329.39373824,-446283.50868704,1262056.31935249,0,0
Month & Year to Date Performance Summary,Data,Stocks,KRE,SS SPDR S&P REGIONAL BANK,6819.7,7683.02,0,0,0,0
Month & Year to Date Performance Summary,Data,Stocks,LAC,LITHIUM AMERICAS CORP,3193.32,173.197648,0,0,0,0
Month & Year to Date Performance Summary,Data,Stocks,LEN,LENNAR CORP-A,0,-183431.1692185,0,26402.70764625,0,0
Month & Year to Date Performance Summary,Data,Stocks,LGIH,LGI HOMES INC,-298377.06314705,-298377.06314705,-298377.0631465,-298377.0631465,0,0
Month & Year to Date Performance Summary,Data,Stocks,LIN,LINDE PLC,27801.69025263,18906.47143263,18906.47142796,18906.47142796,0,0
Month & Year to Date Performance Summary,Data,Stocks,LITE,LUMENTUM HOLDINGS INC,0,-11456.9213435,0,-11456.921343,0,0
Month & Year to Date Performance Summary,Data,Stocks,LLY,ELI LILLY & CO,44.49,-416.61,0,0,0,0
Month & Year to Date Performance Summary,Data,Stocks,LNG,CHENIERE ENERGY INC,-139494.534546,-145838.486017,-145838.4860067,-145838.4860067,0,0
Month & Year to Date Performance Summary,Data,Stocks,LQD,ISHARES IBOXX INVESTMENT GRA,0,156.96,0,0,0,0
Month & Year to Date Performance Summary,Data,Stocks,LUV,SOUTHWEST AIRLINES CO,0,-101512.39628,0,-101512.396279,0,0
Month & Year to Date Performance Summary,Data,Stocks,LZ,LEGALZOOMCOM INC,0,19120.14627151,0,19120.14627851,0,0
Month & Year to Date Performance Summary,Data,Stocks,MANH,MANHATTAN ASSOCIATES INC,0,-17834.24988475,0,-17834.24988475,0,0
Month & Year to Date Performance Summary,Data,Stocks,ME8U,MAPLETREE INDUSTRIAL TRUST,191.7336,-505.377704,0,0,0,0
Month & Year to Date Performance Summary,Data,Stocks,MELI,MERCADOLIBRE INC,5216.02,-31220.7815145,0,0,0,0
Month & Year to Date Performance Summary,Data,Stocks,META,META PLATFORMS INC-CLASS A,156904.67152113,208449.10422833,208449.10422933,208449.10422933,0,0
Month & Year to Date Performance Summary,Data,Stocks,MNDY,MONDAY.COM LTD,0,-31940.91496475,0,-31940.91496475,0,0
Month & Year to Date Performance Summary,Data,Stocks,MP,MP MATERIALS CORP,-77299.8270333,-115851.3205613,-116175.825792,-116175.825792,0,0
Month & Year to Date Performance Summary,Data,Stocks,MSFT,MICROSOFT CORP,304763.91317167,165229.43361707,163585.97362832,163585.97362832,0,0
Month & Year to Date Performance Summary,Data,Stocks,MSTR,STRATEGY INC,0,323073.97586091,0,323073.97585926,0,0
Month & Year to Date Performance Summary,Data,Stocks,MU,MICRON TECHNOLOGY INC,-511827.84694397,-300529.70172597,-226029.03867073,-300169.70172473,0,0
Month & Year to Date Performance Summary,Data,Stocks,NBIS,NEBIUS GROUP NV,6415.13344654,6415.13344654,6415.13344575,6415.13344575,0,0
Month & Year to Date Performance Summary,Data,Stocks,NDAQ,NASDAQ INC,-3.24949153,-111.70949153,-59.95780253,-59.95780253,0,0
Month & Year to Date Performance Summary,Data,Stocks,NET,CLOUDFLARE INC - CLASS A,159296.0599893,159296.0599893,159296.05999,159296.05999,0,0
Month & Year to Date Performance Summary,Data,Stocks,NKE,NIKE INC -CL B,152.05613666,152.05613666,152.05613666,152.05613666,0,0
Month & Year to Date Performance Summary,Data,Stocks,NOC,NORTHROP GRUMMAN CORP,-282281.72,-292889.50127035,0,0,0,0
Month & Year to Date Performance Summary,Data,Stocks,NOW,SERVICENOW INC,0,150103.2295229,0,149833.04848546,0,0
Month & Year to Date Performance Summary,Data,Stocks,NVDA,NVIDIA CORP,228104.18762687,246706.52471887,246651.03175587,246651.03175587,0,0
Month & Year to Date Performance Summary,Data,Stocks,NVO,NOVO-NORDISK A/S-SPONS ADR,97295.08570025,71125.83845175,0,0,0,0
Month & Year to Date Performance Summary,Data,Stocks,O,REALTY INCOME CORP,324.93,2559.7,0,0,0,0
Month & Year to Date Performance Summary,Data,Stocks,OMCL,OMNICELL INC,0,-19292.57173575,0,-19292.57173575,0,0
Month & Year to Date Performance Summary,Data,Stocks,ON,ON SEMICONDUCTOR,0,-58803.836878,0,-58803.836878,0,0
Month & Year to Date Performance Summary,Data,Stocks,ORCL,ORACLE CORP,116393.84902653,155973.80293588,109245.98074053,154594.80293053,0,0
Month & Year to Date Performance Summary,Data,Stocks,PANW,PALO ALTO NETWORKS INC,646,-165.92,0,0,0,0
Month & Year to Date Performance Summary,Data,Stocks,PAYC,PAYCOM SOFTWARE INC,0,-46671.980784,0,-46671.98077886,0,0
Month & Year to Date Performance Summary,Data,Stocks,PCTY,PAYLOCITY HOLDING CORP,0,-20508.02846875,0,-20508.0284675,0,0
Month & Year to Date Performance Summary,Data,Stocks,PD,PAGERDUTY INC,0,55715.58510875,0,55715.58511396,0,0
Month & Year to Date Performance Summary,Data,Stocks,PEB,PEBBLEBROOK HOTEL TRUST,0,-9499.6589935,0,-9499.65899,0,0
Month & Year to Date Performance Summary,Data,Stocks,PKB,INVESCO BUILDING & CONSTRUCT,110.07,160.09,0,0,0,0
Month & Year to Date Performance Summary,Data,Stocks,PLTR,PALANTIR TECHNOLOGIES INC-A,-123742.60789184,-113583.7530238,-112792.24893259,-112792.24893259,0,0
Month & Year to Date Performance Summary,Data,Stocks,PM,PHILIP MORRIS INTERNATIONAL,10183.48,-153229.991907,0,0,0,0
Month & Year to Date Performance Summary,Data,Stocks,PONY,PONY AI INC,-0.00202301,-10.12202301,-8.44389601,-8.44389601,0,0
Month & Year to Date Performance Summary,Data,Stocks,QQQ,INVESCO QQQ TRUST SERIES 1,1845084.7229348,1510918.3786015,227488.02414174,171268.30115014,0,0
Month & Year to Date Performance Summary,Data,Stocks,RBLX,ROBLOX CORP -CLASS A,-4940,-11472.162675,0,10780.463715,0,0
Month & Year to Date Performance Summary,Data,Stocks,REMX,VANECK RAR EARTH ND STG-USDI,156870,146045.2342985,0,0,0,0
Month & Year to Date Performance Summary,Data,Stocks,RHI,ROBERT HALF INC,0,-45599.3873,0,-45599.387295,0,0
Month & Year to Date Performance Summary,Data,Stocks,RSPG,INVESCO S&P 500 EQUAL WEIGHT,-74042.5731472,172988.6448138,40338.2086658,168995.49482855,0,0
Month & Year to Date Performance Summary,Data,Stocks,RTX,RTX CORP,-30630.6,-19686.882646,0,0,0,0
Month & Year to Date Performance Summary,Data,Stocks,RUN,SUNRUN INC,0,-14126.03537299,0,-14126.035368,0,0
Month & Year to Date Performance Summary,Data,Stocks,RXO,RXO INC,0,-284866.631835,0,-284866.6318333,0,0
Month & Year to Date Performance Summary,Data,Stocks,S,SENTINELONE INC -CLASS A,0,42731.123505,0,42731.12350469,0,0
Month & Year to Date Performance Summary,Data,Stocks,S68,SINGAPORE EXCHANGE LTD,114370.05906,178657.66968262,0,0,0,0
Month & Year to Date Performance Summary,Data,Stocks,SAP,SAP SE-SPONSORED ADR,0,11855.9150488,0,11855.9150494,0,0
Month & Year to Date Performance Summary,Data,Stocks,SCHD,SCHWAB US DVD EQUITY ETF,199048,122999.92880375,0,0,0,0
Month & Year to Date Performance Summary,Data,Stocks,SCJ,ISHARES MSCI JAPAN SMALL-CAP,41195,-23920.680139,0,0,0,0
Month & Year to Date Performance Summary,Data,Stocks,SCO,PROSHARES ULTRASHORT BLOOMBE,-39300.664832,-105746.71251025,-105746.712507,-105746.712507,0,0
Month & Year to Date Performance Summary,Data,Stocks,SGOV,ISHARES 0-3 MONTH TREASURY B,104290.97,792611.05013538,0,33746.499292,0,0
Month & Year to Date Performance Summary,Data,Stocks,SH,PROSHARES SHORT S&P500,-304486.46238102,-227541.81707702,-227541.81707702,-227541.81707702,0,0
Month & Year to Date Performance Summary,Data,Stocks,SHLD,GLOBAL X DEFENSE TECH ETF,-32963.4477175,-32963.4477175,0,0,0,0
Month & Year to Date Performance Summary,Data,Stocks,SHOP,SHOPIFY INC - CLASS A,0,123006.0856512,0,123037.69920396,0,0
Month & Year to Date Performance Summary,Data,Stocks,SHY,ISHARES 1-3 YEAR TREASURY BO,0,18504.15201675,0,14693.982017,0,0
Month & Year to Date Performance Summary,Data,Stocks,SHYG,ISHARES 0-5 YR HY CORP BOND,61874.98031783,48702.14845171,-35315.47865917,-35315.47865917,0,0
Month & Year to Date Performance Summary,Data,Stocks,SLI,STANDARD LITHIUM LTD,9045,-22472.4302,0,0,0,0
Month & Year to Date Performance Summary,Data,Stocks,SNDK,SANDISK CORP,0,-24880.4744825,0,-24880.47446638,0,0
Month & Year to Date Performance Summary,Data,Stocks,SOXS,DIREXION DAILY SEMI BEAR 3X,0,171476.01311058,0,171476.01311,0,0
Month & Year to Date Performance Summary,Data,Stocks,SOXS,DIREX DAI SEMI BE 3X ETF-USD,-97743.54799562,-97743.54799562,-97743.54799612,-97743.54799612,0,0
Month & Year to Date Performance Summary,Data,Stocks,SPHY,SS SPDR P HIGH YIELD ETF,26303.32633475,4840.20752725,-3585.73247025,-3585.73247025,0,0
Month & Year to Date Performance Summary,Data,Stocks,SPLV,INVESCO S&P 500 LOW VOLATILI,81548.10827034,38964.49974159,1145.66846334,30142.22655994,0,0
Month & Year to Date Performance Summary,Data,Stocks,SPXL,DIREXION DLY S&P 500 BULL 3X,122.96,52.15,0,0,0,0
Month & Year to Date Performance Summary,Data,Stocks,SQQQ,PROSHARES ULTRAPRO SHORT QQQ,-798128.42850999,-658800.36429099,-798128.42851375,-655023.35123176,0,0
Month & Year to Date Performance Summary,Data,Stocks,STIP,ISHARES 0-5 YEAR TIPS BOND E,0,6220.55,0,0,0,0
Month & Year to Date Performance Summary,Data,Stocks,STLA,STELLANTIS NV,0,-52011.84823,0,-52011.848231,0,0
Month & Year to Date Performance Summary,Data,Stocks,STX,SEAGATE TECHNOLOGY HOLDINGS,-273369.78656087,-273369.78656087,-273369.786559,-273369.786559,0,0
Month & Year to Date Performance Summary,Data,Stocks,STZ,CONSTELLATION BRANDS INC-A,10.55923294,23.30923294,-32.41301406,-32.41301406,0,0
Month & Year to Date Performance Summary,Data,Stocks,TBF,PROSHARES SHORT 20+ TREASURY,0,15033.539382,0,15033.539392,0,0
Month & Year to Date Performance Summary,Data,Stocks,TIP,ISHARES TIPS BOND ETF,0,7345.84,0,0,0,0
Month & Year to Date Performance Summary,Data,Stocks,TLT,ISHARES 20+ YEAR TREASURY BD,-4128.9662564,11322.8013956,-23527.0386014,-23527.0386014,0,0
Month & Year to Date Performance Summary,Data,Stocks,TQQQ,PROSHARES ULTRAPRO QQQ,750337.5303815,-253106.53978575,52587.52478038,-274104.4597778,0,0
Month & Year to Date Performance Summary,Data,Stocks,TSM,TAIWAN SEMICONDUCTOR-SP ADR,0,66436.01989917,0,66676.59267182,0,0
Month & Year to Date Performance Summary,Data,Stocks,TTD,TRADE DESK INC/THE -CLASS A,0,99591.86458,0,99591.864579,0,0
Month & Year to Date Performance Summary,Data,Stocks,U,UNITY SOFTWARE INC,0,687277.70487398,0,687277.70491716,0,0
Month & Year to Date Performance Summary,Data,Stocks,U11,UNITED OVERSEAS BANK LTD,-20202.54016,-80720.91004313,0,0,0,0
Month & Year to Date Performance Summary,Data,Stocks,U96,SEMBCORP INDUSTRIES LTD,-36281.87329606,64101.55649376,22442.6457836,22442.6457836,0,0
Month & Year to Date Performance Summary,Data,Stocks,UAA,UNDER ARMOUR INC-CLASS A,-228704.56762327,-228704.56762327,-228704.56762378,-228704.56762378,0,0
Month & Year to Date Performance Summary,Data,Stocks,UAL,UNITED AIRLINES HOLDINGS INC,0,62234.2368755,0,62234.236877,0,0
Month & Year to Date Performance Summary,Data,Stocks,UNG,US NATURAL GAS FUND LP,0,311628.78287836,0,115640.72362515,0,0
Month & Year to Date Performance Summary,Data,Stocks,UPST,UPSTART HOLDINGS INC,-224853.42742358,-224853.42742358,-224853.42741754,-224853.42741754,0,0
Month & Year to Date Performance Summary,Data,Stocks,URA,GLOBAL X URANIUM ETF,54236.12,21004.40982025,0,0,0,0
Month & Year to Date Performance Summary,Data,Stocks,USMV,ISHARES MSCI USA MIN VOL FAC,1.9,0.8,0,0,0,0
Month & Year to Date Performance Summary,Data,Stocks,UTES,VIRTUS REAVES UTILITIES ETF,423,540.4,0,0,0,0
Month & Year to Date Performance Summary,Data,Stocks,UUP,INVESCO DB US DOLLAR INDEX B,0,13515.41048955,0,13515.41048637,0,0
Month & Year to Date Performance Summary,Data,Stocks,UWMC,UWM HOLDINGS CORP,0,34397.552854,0,34397.552854,0,0
Month & Year to Date Performance Summary,Data,Stocks,VCIT,VANGUARD INT-TERM CORPORATE,0,114.97,0,0,0,0
Month & Year to Date Performance Summary,Data,Stocks,VDE,VANGUARD ENERGY ETF,-5536,215509.61519675,0,167356.813107,0,0
Month & Year to Date Performance Summary,Data,Stocks,VGIT,VANGUARD INTERMEDIATE-TERM T,0,176.76,0,0,0,0
Month & Year to Date Performance Summary,Data,Stocks,VGLT,VANGUARD LONG-TERM TREASURY,0,132.05,0,0,0,0
Month & Year to Date Performance Summary,Data,Stocks,VIXY,PROSHARES VIX SHORT-TERM FUT,0,1606.79741,0,1606.797456,0,0
Month & Year to Date Performance Summary,Data,Stocks,VLO,VALERO ENERGY CORP,0,-37081.980906,0,-37081.980905,0,0
Month & Year to Date Performance Summary,Data,Stocks,VNAM,GLOBAL X MSCI VIETNAM ETF,18720,1903.7496365,0,0,0,0
Month & Year to Date Performance Summary,Data,Stocks,VNQ,VANGUARD REAL ESTATE ETF,0,24.01,0,0,0,0
Month & Year to Date Performance Summary,Data,Stocks,VRT,VERTIV HOLDINGS CO-A,1636.11,3497,0,0,0,0
Month & Year to Date Performance Summary,Data,Stocks,VST,VISTRA CORP,75.1,-33.3,0,0,0,0
Month & Year to Date Performance Summary,Data,Stocks,VTIP,VANGUARD SHORT-TERM TIPS,0,19.17,0,0,0,0
Month & Year to Date Performance Summary,Data,Stocks,VZ,VERIZON COMMUNICATIONS INC,-13026.51,29740.11118,0,0,0,0
Month & Year to Date Performance Summary,Data,Stocks,WDAY,WORKDAY INC-CLASS A,0,52853.080566,0,52853.080566,0,0
Month & Year to Date Performance Summary,Data,Stocks,WGS,GENEDX HOLDINGS CORP,0,6858.845386,0,6858.845387,0,0
Month & Year to Date Performance Summary,Data,Stocks,WMT,WALMART INC,63551.01189479,94715.72895879,86673.30490879,86673.30490879,0,0
Month & Year to Date Performance Summary,Data,Stocks,WOLF,WOLFSPEED INC,-247225.33537,-338125.971736,-247225.335372,-338125.971738,0,0
Month & Year to Date Performance Summary,Data,Stocks,XEMD,BONDBLOXX-JPM USD EM MK 1-10,34684.00046578,-14567.92428091,-21283.87428122,-21283.87428122,0,0
Month & Year to Date Performance Summary,Data,Stocks,XLE,SS ENERGY SELECT SECTOR,-142790.11655778,645725.58342772,71907.18082172,547115.72685802,0,0
Month & Year to Date Performance Summary,Data,Stocks,XLF,SS FINANCIAL SELECT SECTOR,43212.75584004,-36161.64396421,-39717.74396396,-39717.74396396,0,0
Month & Year to Date Performance Summary,Data,Stocks,XLI,SS INDUSTRIAL SELECT SECTOR,79926.53301989,-13002.04777611,-15254.49777811,-15254.49777811,0,0
Month & Year to Date Performance Summary,Data,Stocks,XLV,SS HEALTH CARE SELECT SECTOR,-42348.09205001,-42348.09205001,0,0,0,0
Month & Year to Date Performance Summary,Data,Stocks,Z74,SINGAPORE TELECOMMUNICATIONS,-30223.39591036,-29611.60579775,0,0,0,0
Month & Year to Date Performance Summary,Data,Total,,,10241277.255924307,8834797.971592583,-2432760.37192052,2037237.491344231,0,0
Month & Year to Date Performance Summary,Data,Equity and Index Options,SPY   260630P00571000,SPY 30JUN26 571 P,0,63299.155,0,63299.155,0,0
Month & Year to Date Performance Summary,Data,Equity and Index Options,SPY   260630P00680000,SPY 30JUN26 680 P,0,-159200.845,0,-159200.845,0,0
Month & Year to Date Performance Summary,Data,Equity and Index Options,SPY   260630P00690000,SPY 30JUN26 690 P,0,-106064.2652,0,-106064.2652,0,0
Month & Year to Date Performance Summary,Data,Equity and Index Options,SPY   260630P00725000,SPY 30JUN26 725 P,0,176003.7848,0,176003.7848,0,0
Month & Year to Date Performance Summary,Data,Equity and Index Options,UAL   271217C00070000,UAL 17DEC27 70 C,0,9806.111,0,9806.111,0,0
Month & Year to Date Performance Summary,Data,Equity and Index Options,UAL   271217P00082500,UAL 17DEC27 82.5 P,0,-42245.577,0,-42245.577,0,0
Month & Year to Date Performance Summary,Data,Equity and Index Options,WRD   270115C00005000,WRD 15JAN27 5 C,0,-2330.465,0,-2330.465,0,0
Month & Year to Date Performance Summary,Data,Equity and Index Options,WRD   270115P00007500,WRD 15JAN27 7.5 P,0,-4843.29,0,-4843.29,0,0
Month & Year to Date Performance Summary,Data,Total,,,0,-65575.3914,0,-65575.3914,0,0
Month & Year to Date Performance Summary,Data,Options On Futures,ESH6 C6775,ES 20MAR26 6775 C,0,788644.7,0,788644.7,0,0
Month & Year to Date Performance Summary,Data,Options On Futures,ESH6 C6780,ES 20MAR26 6780 C,0,-526118.4,0,-526118.4,0,0
Month & Year to Date Performance Summary,Data,Options On Futures,ESH6 C6950,ES 20MAR26 6950 C,0,-22711.2,0,-22711.2,0,0
Month & Year to Date Performance Summary,Data,Options On Futures,ESM6 P6100,ES 18JUN26 6100 P,0,24162,0,24162,0,0
Month & Year to Date Performance Summary,Data,Options On Futures,ESM6 P6300,ES 18JUN26 6300 P,0,249712,0,249712,0,0
Month & Year to Date Performance Summary,Data,Options On Futures,ESM6 P6425,ES 18JUN26 6425 P,0,-210426,0,-210426,0,0
Month & Year to Date Performance Summary,Data,Options On Futures,ESM6 P6575,ES 18JUN26 6575 P,0,-406138,0,-406138,0,0
Month & Year to Date Performance Summary,Data,Options On Futures,ESM6 P6600,ES 18JUN26 6600 P,0,-425738,0,-425738,0,0
Month & Year to Date Performance Summary,Data,Options On Futures,ESM6 P6750,ES 18JUN26 6750 P,0,200374.5,0,200374.5,0,0
Month & Year to Date Performance Summary,Data,Options On Futures,ESM6 P6875,ES 18JUN26 6875 P,0,613862,0,613862,0,0
Month & Year to Date Performance Summary,Data,Options On Futures,NQH6 C24500,NQ 20MAR26 24500 C,0,-652044,0,-652044,0,0
Month & Year to Date Performance Summary,Data,Options On Futures,NQH6 C24600,NQ 20MAR26 24600 C,0,-905768.8,0,-905768.8,0,0
Month & Year to Date Performance Summary,Data,Options On Futures,NQH6 C25250,NQ 20MAR26 25250 C,0,361948,0,361948,0,0
Month & Year to Date Performance Summary,Data,Options On Futures,NQH6 C25350,NQ 20MAR26 25350 C,0,476811.2,0,476811.2,0,0
Month & Year to Date Performance Summary,Data,Options On Futures,OZNH6 P1105,ZN MAR26 110.5 P,0,-192.66,0,-192.66,0,0
Month & Year to Date Performance Summary,Data,Options On Futures,OZNH6 P1117,ZN MAR26 111.75 P,0,467.03,0,467.03,0,0
Month & Year to Date Performance Summary,Data,Total,,,0,-433155.63,0,-433155.63,0,0
Month & Year to Date Performance Summary,Data,Total (All Assets),,,10241277.255924307,8336021.686290333,-2432760.37192052,1538407.080562981,0,0
Cash Report,Header,Currency Summary,Currency,Total,Securities,Futures,IB-UKL,Month to Date,Year to Date,
Cash Report,Data,Starting Cash,Base Currency Summary,-137213993.74848467,-137214094.60346156,0.0010199,100.853957,,,
Cash Report,Data,Commissions,Base Currency Summary,-1164.20831953,-1164.20831953,0,0,-17031.80838345,-64433.68897918,
Cash Report,Data,Deposits,Base Currency Summary,0,0,0,0,38.01,8950038.01,
Cash Report,Data,Withdrawals,Base Currency Summary,0,0,0,0,0,-9035000,
Cash Report,Data,Dividends,Base Currency Summary,30,30,0,0,235473.79352,578701.8020258,
Cash Report,Data,Broker Interest Paid and Received,Base Currency Summary,0,0,0,0,-345370.1974917,-640474.9853248,
Cash Report,Data,Trades (Sales),Base Currency Summary,17378234.295098,17378234.295098,0,0,118447010.42009798,301118252.7995981,
Cash Report,Data,Trades (Purchase),Base Currency Summary,-564613.47,-564613.47,0,0,-111485514.69475499,-420602954.6872003,
Cash Report,Data,Other Fees,Base Currency Summary,0,0,0,0,-193.83,-193.83,
Cash Report,Data,Payment In Lieu of Dividends,Base Currency Summary,0,0,0,0,73002.81,236068.601608,
Cash Report,Data,Transaction Fees,Base Currency Summary,0,0,0,0,-1785.52442135,-5893.63098458,
Cash Report,Data,Withholding Tax,Base Currency Summary,-9,-9,0,0,-88286.07,250619.7796962,
Cash Report,Data,Cash FX Translation Gain/Loss,Base Currency Summary,-107579.46001415,-107580.33768787,0,0.87767372,,,
Cash Report,Data,Ending Cash,Base Currency Summary,-120509095.59172037,-120509197.324371,0.0010199,101.731630724,,,
Cash Report,Data,Ending Settled Cash,Base Currency Summary,-137322716.41681838,-137322818.149469,0.0010199,101.731630724,,,
Cash Report,Data,Starting Cash,EUR,2.372357913,17.882357913,0,-15.51,,,
Cash Report,Data,Ending Cash,EUR,2.372357913,17.882357913,0,-15.51,,,
Cash Report,Data,Ending Settled Cash,EUR,2.372357913,17.882357913,0,-15.51,,,
Cash Report,Data,Starting Cash,HKD,-27958446.312923558,-27970522.322956618,0,12076.01003306,,,
Cash Report,Data,Commissions,HKD,0,0,0,0,-8103.69,-26754.159315,
Cash Report,Data,Dividends,HKD,0,0,0,0,0,66117.79,
Cash Report,Data,Broker Interest Paid and Received,HKD,0,0,0,0,-63590.74,-95125.6,
Cash Report,Data,Trades (Sales),HKD,0,0,0,0,0,8400190,
Cash Report,Data,Trades (Purchase),HKD,0,0,0,0,-13540000,-36259600,
Cash Report,Data,Payment In Lieu of Dividends,HKD,0,0,0,0,0,169.52,
Cash Report,Data,Transaction Fees,HKD,0,0,0,0,-13981.89,-46091.804015,
Cash Report,Data,Withholding Tax,HKD,0,0,0,0,0,-173.93,
Cash Report,Data,Ending Cash,HKD,-27958446.312923558,-27970522.322956618,0,12076.01003306,,,
Cash Report,Data,Ending Settled Cash,HKD,-27958446.312923558,-27970522.322956618,0,12076.01003306,,,
Cash Report,Data,Starting Cash,JPY,-447396567.2366689,-447396567.2381744,0,0.0015055,,,
Cash Report,Data,Commissions,JPY,-67017.08054,-67017.08054,0,0,-67017.08054,-263933.62569702,
Cash Report,Data,Broker Interest Paid and Received,JPY,0,0,0,0,-488291,-630268,
Cash Report,Data,Trades (Sales),JPY,156936020,156936020,0,0,156936020,156936020,
Cash Report,Data,Trades (Purchase),JPY,0,0,0,0,0,-447414900,
Cash Report,Data,Ending Cash,JPY,-290527564.3172089,-290527564.3187144,0,0.0015055,,,
Cash Report,Data,Ending Settled Cash,JPY,-447463584.3172089,-447463584.3187144,0,0.0015055,,,
Cash Report,Data,Starting Cash,SGD,-7173660.421549051,-7173660.421489611,0,-0.00005944,,,
Cash Report,Data,Commissions,SGD,0,0,0,0,-1824.877944,-8004.53135866,
Cash Report,Data,Dividends,SGD,0,0,0,0,648,1507.28,
Cash Report,Data,Broker Interest Paid and Received,SGD,0,0,0,0,-6636.26,-9993.7,
Cash Report,Data,Trades (Sales),SGD,0,0,0,0,250390,250390,
Cash Report,Data,Trades (Purchase),SGD,0,0,0,0,-1463689,-7478087.9908204,
Cash Report,Data,Withholding Tax,SGD,0,0,0,0,0,-55.21,
Cash Report,Data,Ending Cash,SGD,-7173660.421549051,-7173660.421489611,0,-0.00005944,,,
Cash Report,Data,Ending Settled Cash,SGD,-7173660.421549051,-7173660.421489611,0,-0.00005944,,,
Cash Report,Data,Starting Cash,USD,-125259990.2800007,-125258568.34405938,0.0010199,-1421.936961216,,,
Cash Report,Data,Commissions,USD,-736.31096199,-736.31096199,0,0,-14133.63687129,-53028.09915117,
Cash Report,Data,Deposits,USD,0,0,0,0,38.01,8950038.01,
Cash Report,Data,Withdrawals,USD,0,0,0,0,0,-9035000,
Cash Report,Data,Dividends,USD,30,30,0,0,234963.5,569061.94,
Cash Report,Data,Broker Interest Paid and Received,USD,0,0,0,0,-329033.63,-616570.13,
Cash Report,Data,Trades (Sales),USD,16376213.501,16376213.501,0,0,117247810.00489998,298844647.6255001,
Cash Report,Data,Trades (Purchase),USD,-564613.47,-564613.47,0,0,-108605165.322575,-407219850.00787497,
Cash Report,Data,Other Fees,USD,0,0,0,0,-193.83,-193.83,
Cash Report,Data,Payment In Lieu of Dividends,USD,0,0,0,0,73002.81,236046.92,
Cash Report,Data,Withholding Tax,USD,-9,-9,0,0,-88286.07,250685.22,
Cash Report,Data,Ending Cash,USD,-109449105.5599627,-109447683.62402138,0.0010199,-1421.936961216,,,
Cash Report,Data,Ending Settled Cash,USD,-125260705.5909627,-125259283.65502137,0.0010199,-1421.936961216,,,
Cash Report,Disclaimer,"This section shows your combined total cash position in each currency, and these totals may include cash held at multiple Interactive Brokers companies in different jurisdictions subject to different regulatory protections. Please refer to your separate customer statements from each IB company to see the exact positions held at each company."
Open Positions,Header,DataDiscriminator,Asset Category,Currency,Symbol,Quantity,Mult,Cost Price,Cost Basis,Close Price,Value,Unrealized P/L,Code
Open Positions,Data,Summary,Stocks,HKD,1109,2000,1,31.07144954,62142.89908,32.5,65000,2857.10092,
Open Positions,Data,Summary,Stocks,HKD,1258,427000,1,15.176727464,6480462.6273,13.4,5721800,-758662.6273,
Open Positions,Data,Summary,Stocks,HKD,1288,6000,1,5.32883564,31973.01384,6.08,36480,4506.98616,
Open Positions,Data,Summary,Stocks,HKD,1398,6000,1,6.261755493,37570.532955,7.03,42180,4609.467045,
Open Positions,Data,Summary,Stocks,HKD,1698,2000,1,69.64926406,139298.52812,35.08,70160,-69138.52812,
Open Positions,Data,Summary,Stocks,HKD,1810,200,1,54.6892342,10937.84684,29.02,5804,-5133.84684,
Open Positions,Data,Summary,Stocks,HKD,2359,300,1,100.334471167,30100.34135,136,40800,10699.65865,
Open Positions,Data,Summary,Stocks,HKD,2800,2000,1,24.35526118,48710.52236,25.9,51800,3089.47764,
Open Positions,Data,Summary,Stocks,HKD,2828,600,1,87.99513838,52797.083028,88.88,53328,530.916972,
Open Positions,Data,Summary,Stocks,HKD,2899,110000,1,42.588159356,4684697.52916,35.68,3924800,-759897.52916,
Open Positions,Data,Summary,Stocks,HKD,3067,700,1,11.54723558,8083.064906,10.26,7182,-901.064906,
Open Positions,Data,Summary,Stocks,HKD,3750,4700,1,684.580449383,3217528.1121,608,2857600,-359928.1121,
Open Positions,Data,Summary,Stocks,HKD,388,23500,1,414.166629111,9732915.78412,412.4,9691400,-41515.78412,
Open Positions,Data,Summary,Stocks,HKD,3988,4000,1,4.607550867,18430.203467,5.06,20240,1809.796533,
Open Positions,Data,Summary,Stocks,HKD,700,200,1,584.70429125,116940.85825,467.8,93560,-23380.85825,
Open Positions,Data,Summary,Stocks,HKD,762,16000,1,10.08643764,161383.00224,7.32,117120,-44263.00224,
Open Positions,Data,Summary,Stocks,HKD,857,342000,1,9.120231978,3119119.336413,12.03,4114260,995140.663587,
Open Positions,Data,Summary,Stocks,HKD,883,106000,1,23.579959987,2499475.758657,29.38,3114280,614804.241343,
Open Positions,Data,Summary,Stocks,HKD,9633,1800,1,52.236031383,94024.85649,46.8,84240,-9784.85649,
Open Positions,Total,,Stocks,HKD,,,,,30546591.90067601,,30112034,-434557.900676,
Open Positions,Total,,Stocks,USD,,,,,3900188.853878311,,3844704.501119999,-55484.352758312,
Open Positions,Data,Summary,Stocks,JPY,6301.T,35300,1,7364.085561766,259952220.33035,6557,231462100,-28490120.33035,
Open Positions,Data,Summary,Stocks,JPY,8360.T,2100,1,4535.039105286,9523582.1211,5380,11298000,1774417.8789,
Open Positions,Total,,Stocks,JPY,,,,,269475802.45145,,242760100,-26715702.45145,
Open Positions,Total,,Stocks,USD,,,,,1720576.051072263,,1549998.96249,-170577.088582263,
Open Positions,Data,Summary,Stocks,SGD,A17U,6000,1,2.81751888,16905.11328,2.49,14940,-1965.11328,
Open Positions,Data,Summary,Stocks,SGD,BN4,3000,1,11.496146686,34488.440057,10.87,32610,-1878.440057,
Open Positions,Data,Summary,Stocks,SGD,C6L,200,1,6.81637416,1363.274832,6.29,1258,-105.274832,
Open Positions,Data,Summary,Stocks,SGD,D05,800,1,50.65762526,40526.100208,58.5,46800,6273.899792,
Open Positions,Data,Summary,Stocks,SGD,K71U.DIST,333,1,0.934502105,311.189201,0.89,296.37,-14.819201,
Open Positions,Data,Summary,Stocks,SGD,ME8U,8000,1,2.03410944,16272.87552,1.97,15760,-512.87552,
Open Positions,Data,Summary,Stocks,SGD,S68,66900,1,18.291172683,1223679.452512,21.7,1451730,228050.547488,
Open Positions,Data,Summary,Stocks,SGD,U11,51700,1,38.12719306,1971175.881199,36.15,1868955,-102220.881199,
Open Positions,Data,Summary,Stocks,SGD,U96,503600,1,6.541837111,3294469.168968,6.65,3348940,54470.831032,
Open Positions,Data,Summary,Stocks,SGD,Z74,143300,1,4.853955254,695571.787968,4.59,657747,-37824.787968,
Open Positions,Total,,Stocks,SGD,,,,,7294763.283745001,,7439036.37,144273.086255,
Open Positions,Total,,Stocks,USD,,,,,5730401.297545885,,5843735.020453501,113333.722907615,
Open Positions,Data,Summary,Stocks,USD,AGQ,790,1,251.486185691,198674.086696,112.09,88551.1,-110122.986696,
Open Positions,Data,Summary,Stocks,USD,AVAV,1362,1,347.528200166,473333.408626,195.02,265617.24,-207716.168626,
Open Positions,Data,Summary,Stocks,USD,AVDV,18900,1,102.893530106,1944687.719005,106.15,2006235,61547.280995,
Open Positions,Data,Summary,Stocks,USD,AVEM,22075,1,82.345595016,1817779.009969,90.36,1994697,176917.990031,
Open Positions,Data,Summary,Stocks,USD,AVUV,14660,1,113.941571545,1670383.438855,120.14,1761252.4,90868.961145,
Open Positions,Data,Summary,Stocks,USD,BABA,14901,1,142.797099246,2127819.575865,131.88,1965143.88,-162675.695865,
Open Positions,Data,Summary,Stocks,USD,BMNR,70,1,52.850623471,3699.543643,21.4,1498,-2201.543643,
Open Positions,Data,Summary,Stocks,USD,BWXT,821,1,199.631946641,163897.828192,216.39,177656.19,13758.361808,
Open Positions,Data,Summary,Stocks,USD,CEG,15,1,342.933223133,5143.998347,313,4695,-448.998347,
Open Positions,Data,Summary,Stocks,USD,CLSE,659624,1,30.244563361,19950039.862294,31.29,20639634.96,689595.097706,
Open Positions,Data,Summary,Stocks,USD,CME,29,1,281.198009276,8154.742269,287.82,8346.78,192.037731,
Open Positions,Data,Summary,Stocks,USD,CNXT,103455,1,45.961059294,4754901.389288,53.06,5489322.3,734420.910712,
Open Positions,Data,Summary,Stocks,USD,COIN,5,1,345.5809234,1727.904617,187.77,938.85,-789.054617,
Open Positions,Data,Summary,Stocks,USD,COLO,45862,1,40.967312171,1878842.870807,38.59,1769814.58,-109028.290807,
Open Positions,Data,Summary,Stocks,USD,CSCO,13,1,69.085173462,898.107255,91.5,1189.5,291.392745,
Open Positions,Data,Summary,Stocks,USD,CTAS,10,1,209.6417281,2096.417281,174.71,1747.1,-349.317281,
Open Positions,Data,Summary,Stocks,USD,CVX,361,1,163.150322368,58897.266375,193.31,69784.91,10887.643625,
Open Positions,Data,Summary,Stocks,USD,DBMF,612026,1,30.304563919,18547181.037068,30.56,18703514.56,156333.522932,
Open Positions,Data,Summary,Stocks,USD,DE,401,1,579.557770097,232402.665809,589.87,236537.87,4135.204191,
Open Positions,Data,Summary,Stocks,USD,DG,5000,1,142.894104252,714470.521261,115.88,579400,-135070.521261,
Open Positions,Data,Summary,Stocks,USD,EBND,271664,1,21.660797207,5884458.812527,21.04,5715810.56,-168648.252527,
Open Positions,Data,Summary,Stocks,USD,EFA,1,1,89.277229,89.277229,102.32,102.32,13.042771,
Open Positions,Data,Summary,Stocks,USD,EMLC,224882,1,26.274909342,5908754.162588,25.56,5747983.92,-160770.242588,
Open Positions,Data,Summary,Stocks,USD,EMR,36,1,138.400523083,4982.418831,140.44,5055.84,73.421169,
Open Positions,Data,Summary,Stocks,USD,ETN,17,1,357.420523118,6076.148893,433.01,7361.17,1285.021107,
Open Positions,Data,Summary,Stocks,USD,EWY,30900,1,134.409595534,4153256.501992,160.76,4967484,814227.498008,
Open Positions,Data,Summary,Stocks,USD,EWZ,76000,1,38.660833229,2938223.325432,39.7,3017200,78976.674568,
Open Positions,Data,Summary,Stocks,USD,FXY,33,1,62.900623485,2075.720575,58.63,1934.79,-140.930575,
Open Positions,Data,Summary,Stocks,USD,GEV,1662,1,861.894680253,1432468.95858,1083.46,1800710.52,368241.56142,
Open Positions,Data,Summary,Stocks,USD,HGER,611000,1,30.770436524,18800736.716236,32.59,19912490,1111753.283764,
Open Positions,Data,Summary,Stocks,USD,IAUM,59428,1,49.299871197,2929792.745485,45.98,2732499.44,-197293.305485,
Open Positions,Data,Summary,Stocks,USD,ICE,42,1,182.250523095,7654.52197,158.09,6639.78,-1014.74197,
Open Positions,Data,Summary,Stocks,USD,JPM,20,1,306.54100145,6130.820029,313.23,6264.6,133.779971,
Open Positions,Data,Summary,Stocks,USD,KMLM,577283,1,28.165180372,16259279.820848,29.64,17110668.12,851388.299152,
Open Positions,Data,Summary,Stocks,USD,KORU,3800,1,423.902201468,1610828.365579,587.76,2233488,622659.634421,
Open Positions,Data,Summary,Stocks,USD,KRE,1451,1,67.283157338,97627.861297,69.85,101352.35,3724.488703,
Open Positions,Data,Summary,Stocks,USD,LAC,1794,1,5.915817521,10612.976633,5.73,10279.62,-333.356633,
Open Positions,Data,Summary,Stocks,USD,LLY,3,1,747.100523,2241.301569,934.6,2803.8,562.498431,
Open Positions,Data,Summary,Stocks,USD,MELI,82,1,2185.105365341,179178.639958,1792.63,146995.66,-32182.979958,
Open Positions,Data,Summary,Stocks,USD,NOC,2747,1,687.03258425,1887278.508936,579.48,1591831.56,-295446.948936,
Open Positions,Data,Summary,Stocks,USD,NVO,18100,1,39.009827709,706077.881539,42.22,764182,58104.118461,
Open Positions,Data,Summary,Stocks,USD,O,100,1,59.88252457,5988.252457,64.24,6424,435.747543,
Open Positions,Data,Summary,Stocks,USD,PANW,34,1,202.339347471,6879.537814,179.32,6096.88,-782.657814,
Open Positions,Data,Summary,Stocks,USD,PKB,10,1,93.1215034,931.215034,108.58,1085.8,154.584966,
Open Positions,Data,Summary,Stocks,USD,PM,8810,1,183.901234635,1620169.877138,165.07,1454266.7,-165903.177138,
Open Positions,Data,Summary,Stocks,USD,QQQ,24680,1,613.669546701,15145364.41257,667.74,16479823.2,1334458.78743,
Open Positions,Data,Summary,Stocks,USD,RBLX,3800,1,61.115954312,232240.626386,55.26,209988,-22252.626386,
Open Positions,Data,Summary,Stocks,USD,REMX,9000,1,89.202751744,802824.765698,105.43,948870,146045.234302,
Open Positions,Data,Summary,Stocks,USD,RTX,1820,1,186.579897312,339575.413108,176.07,320447.4,-19128.013108,
Open Positions,Data,Summary,Stocks,USD,SCHD,143200,1,31.390891978,4495175.731188,32.07,4592424,97248.268812,
Open Positions,Data,Summary,Stocks,USD,SCJ,10700,1,103.165577583,1103871.680133,100.93,1079951,-23920.680133,
Open Positions,Data,Summary,Stocks,USD,SGOV,485340,1,100.387956463,48722290.789925,100.67,48859177.8,136887.010075,
Open Positions,Data,Summary,Stocks,USD,SHLD,7000,1,72.919063959,510433.447711,68.21,477470,-32963.447711,
Open Positions,Data,Summary,Stocks,USD,SHYG,1521,1,43.031249464,65450.530435,42.67,64901.07,-549.460435,
Open Positions,Data,Summary,Stocks,USD,SLI,20100,1,4.982743908,100153.152546,3.86,77586,-22567.152546,
Open Positions,Data,Summary,Stocks,USD,SPXL,2,1,175.963223,351.926446,246.37,492.74,140.813554,
Open Positions,Data,Summary,Stocks,USD,URA,6788,1,53.363947527,362234.475811,56.42,382978.96,20744.484189,
Open Positions,Data,Summary,Stocks,USD,USMV,1,1,91.521547,91.521547,94.64,94.64,3.118453,
Open Positions,Data,Summary,Stocks,USD,UTES,100,1,82.2117231,8221.17231,84.13,8413,191.82769,
Open Positions,Data,Summary,Stocks,USD,VDE,1600,1,147.666770289,236266.832462,169.58,271328,35061.167538,
Open Positions,Data,Summary,Stocks,USD,VNAM,6000,1,25.632708393,153796.250359,25.95,155700,1903.749641,
Open Positions,Data,Summary,Stocks,USD,VRT,21,1,151.381023476,3179.001493,328.49,6898.29,3719.288507,
Open Positions,Data,Summary,Stocks,USD,VST,10,1,194.2285231,1942.285231,157.84,1578.4,-363.885231,
Open Positions,Data,Summary,Stocks,USD,VZ,6003,1,43.077553955,258594.556394,48.03,288324.09,29729.533606,
Open Positions,Data,Summary,Stocks,USD,XLE,33850,1,57.304734409,1939765.259759,59.65,2019152.5,79387.240241,
Open Positions,Data,Summary,Stocks,USD,XLV,20000,1,148.107404601,2962148.092029,145.99,2919800,-42348.092029,
Open Positions,Total,,Stocks,USD,,,,,196460797.68623197,,202281987.73999998,5821190.053768001,
Open Positions,Total,,Stocks,USD,,,,,207811963.88872844,,213520426.2240635,5708462.335335041,
Forex Balances,Header,Asset Category,Currency,Description,Quantity,Cost Price,Cost Basis in USD,Close Price,Value in USD,Unrealized P/L in USD,Code
Forex Balances,Data,Forex,USD,EUR,2.372341,1.134874543,-3.944728,1.1732,2.783231,-1.161497,
Forex Balances,Data,Forex,USD,HKD,-27958446.312900987,0.127796173,3572960.525248644,0.12768,-3569734.425236004,3226.10001264,
Forex Balances,Data,Forex,USD,JPY,-290527564.3172111,0.006368968,1850360.85279941,0.0063849,-1854989.445408999,-4628.59260959,
Forex Balances,Data,Forex,USD,SGD,-7173660.421549981,0.786465249,5641836.561413678,0.78555,-5635268.944145966,6567.617269698,
Forex Balances,Data,Forex,USD,USD,-109449105.5599627,0,109449105.5599627,1,-109449105.5599627,0,
Forex Balances,Data,Total,,,,,120514259.55486044,,-120509095.59174068,5163.963122749,
Trades,Header,DataDiscriminator,Asset Category,Currency,Account,Symbol,Date/Time,Quantity,T. Price,C. Price,Proceeds,Comm/Fee,Basis,Realized P/L,MTM P/L,Code
Trades,Data,Order,Stocks,JPY,U18135473,7974.T,"2026-04-29, 21:24:33","-18,700",7754.556149733,7687,145010200,-61922.0554,-170156923.993256,-25208646.048656,1263300,C;P
Trades,SubTotal,,Stocks,JPY,7974.T,,,-18700,,,145010200,-61922.0554,-170156923.993256,-25208646.048656,1263300,
Trades,Data,Order,Stocks,JPY,U18135473,8346.T,"2026-04-29, 21:25:30","-18,000",662.545555556,667,11925820,-5095.02514,-10908525.69309,1012199.28177,-80180,C;P
Trades,SubTotal,,Stocks,JPY,8346.T,,,-18000,,,11925820,-5095.02514,-10908525.69309,1012199.28177,-80180,
Trades,Total,,Stocks,JPY,,,,,,,156936020,-67017.08054,-181065449.686346,-24196446.766886003,1183120, 
Trades,Total,,Stocks,USD,,,,,,,1002020.794098,-427.89735754,-1156084.789702351,-154491.89296189,7554.102888, 
Trades,Data,Order,Stocks,USD,U18135473,APD,"2026-04-30, 15:21:08","-3,520",300.13410483,300.05,1056472.049,-32.16360501,-1023902.26717,32537.618224,296.049,C;P
Trades,SubTotal,,Stocks,USD,APD,,,-3520,,,1056472.049,-32.16360501,-1023902.26717,32537.618224,296.049,
Trades,Data,Order,Stocks,USD,U18135473,CF,"2026-04-30, 15:21:26","-8,000",125.16102,124.2,1001288.16,-39.995356096,-971760.909759,29487.254882,7688.16,C;P
Trades,SubTotal,,Stocks,USD,CF,,,-8000,,,1001288.16,-39.995356096,-971760.909759,29487.254882,7688.16,
Trades,Data,Order,Stocks,USD,U18135473,CNQ,"2026-04-30, 15:19:27","-27,000",47.712010993,47.69,1288224.2968,-77.732188014,-1316868.268689,-28721.704094,594.2968,C;IM;P
Trades,SubTotal,,Stocks,USD,CNQ,,,-27000,,,1288224.2968,-77.732188014,-1316868.268689,-28721.704094,594.2968,
Trades,Data,Order,Stocks,USD,U18135473,COPX,"2026-04-30, 15:50:38","-22,500",79.536555333,79.61,1789572.495000001,-116.118499646,-1939684.079969,-150227.703467,-1652.505,C;P
Trades,SubTotal,,Stocks,USD,COPX,,,-22500,,,1789572.495000001,-116.118499646,-1939684.079969,-150227.703467,-1652.505,
Trades,Data,Order,Stocks,USD,U18135473,GDX,"2026-04-30, 15:46:20","-12,103",88.052659836,88.29,1065701.342,-44.901976203,-1258467.203728,-192810.76371,-2872.528,C;P
Trades,SubTotal,,Stocks,USD,GDX,,,-12103,,,1065701.342,-44.901976203,-1258467.203728,-192810.76371,-2872.528,
Trades,Data,Order,Stocks,USD,U18135473,GIS,"2026-04-30, 15:20:40","-21,300",35.253032958,35.31,750889.602,-57.511309051,-806413.430620999,-55581.339897,-1213.398,C;P
Trades,SubTotal,,Stocks,USD,GIS,,,-21300,,,750889.602,-57.511309051,-806413.430620999,-55581.339897,-1213.398,
Trades,Data,Order,Stocks,USD,U18135473,KMLM,"2026-04-30, 15:14:27","19,000",29.587236842,29.64,-562157.5,-38.1609475,562195.6609475,0,1002.5,O;P
Trades,Data,Order,Stocks,USD,U18135473,KMLM,"2026-04-30, 15:54:01",83,29.59,29.64,-2455.97,-0.23405725,2456.20405725,0,4.15,O;P
Trades,SubTotal,,Stocks,USD,KMLM,,,19083,,,-564613.47,-38.39500475,564651.86500475,0,1006.65,
Trades,Data,Order,Stocks,USD,U18135473,LIN,"2026-04-30, 15:18:28","-4,000",504.2834025,501.14,2017133.61,-50.430362367,-1985878.087883,31205.091758,12573.61,C;P
Trades,SubTotal,,Stocks,USD,LIN,,,-4000,,,2017133.61,-50.430362367,-1985878.087883,31205.091758,12573.61,
Trades,Data,Order,Stocks,USD,U18135473,MSFT,"2026-04-30, 15:07:07",-120,407.656666667,407.78,48918.8,-1.22138453,-48104.664176,812.914439,-14.8,C;P
Trades,Data,Order,Stocks,USD,U18135473,MSFT,"2026-04-30, 15:16:11","-6,320",408.538016171,407.78,2581960.262199999,-58.750749205,-2426742.219224,155159.292238,4790.6622,C;IM;P
Trades,SubTotal,,Stocks,USD,MSFT,,,-6440,,,2630879.062199999,-59.972133735,-2474846.8834,155972.206677,4775.8622,
Trades,Data,Order,Stocks,USD,U18135473,NVDA,"2026-04-30, 15:54:24","-8,907",200.568295049,199.57,1786461.804,-70.162698129,-1539740.609545,246651.031758,8891.814,C;P
Trades,SubTotal,,Stocks,USD,NVDA,,,-8907,,,1786461.804,-70.162698129,-1539740.609545,246651.031758,8891.814,
Trades,Data,Order,Stocks,USD,U18135473,PLTR,"2026-04-30, 15:53:20","-18,017",139.289952822,139.11,2509587.08,-128.421572593,-2622250.907361,-112792.248944,3242.21,C;P
Trades,SubTotal,,Stocks,USD,PLTR,,,-18017,,,2509587.08,-128.421572593,-2622250.907361,-112792.248944,3242.21,
Trades,Data,Order,Stocks,USD,U18135473,TLT,"2026-04-30, 15:42:21","-5,600",85.715,85.62,480004,-20.5062564,-503510.532345,-23527.038601,532,C;P
Trades,SubTotal,,Stocks,USD,TLT,,,-5600,,,480004,-20.5062564,-503510.532345,-23527.038601,532,
Trades,Total,,Stocks,USD,,,,,,,15811600.031,-736.310961994,-15878671.315465251,-67807.595414,33862.221, 
Dividends,Header,Currency,Account,Date,Description,Amount
Dividends,Data,USD,U18135473,2026-04-30,JPM(US46625H1005) Cash Dividend USD 1.50 per Share (Ordinary Dividend),30
Dividends,Data,Total,,,,30
Withholding Tax,Header,Currency,Account,Date,Description,Amount,Code
Withholding Tax,Data,USD,U18135473,2026-04-30,JPM(US46625H1005) Cash Dividend USD 1.50 per Share - US Tax,-9,
Withholding Tax,Data,Total,,,,-9,
Interest Accruals,Header,Currency,Field Name,Field Value
Interest Accruals,Data,Base Currency Summary,Starting Accrual Balance,-404528.9446287
Interest Accruals,Data,Base Currency Summary,Interest Accrued,-15642.2682065
Interest Accruals,Data,Base Currency Summary,Accrual Reversal,0
Interest Accruals,Data,Base Currency Summary,FX Translation,-129.4136938
Interest Accruals,Data,Base Currency Summary,Ending Accrual Balance,-420300.626529
Interest Accruals,Data,HKD,Starting Accrual Balance,-67351.28
Interest Accruals,Data,HKD,Interest Accrued,-2964.26
Interest Accruals,Data,HKD,Accrual Reversal,0
Interest Accruals,Data,HKD,Ending Accrual Balance,-70315.54
Interest Accruals,Data,HKD,Ending Accrual Balance in USD,-8977.8881472
Interest Accruals,Data,JPY,Starting Accrual Balance,-498084
Interest Accruals,Data,JPY,Interest Accrued,-18213
Interest Accruals,Data,JPY,Accrual Reversal,0
Interest Accruals,Data,JPY,Ending Accrual Balance,-516297
Interest Accruals,Data,JPY,Ending Accrual Balance in USD,-3296.5047153
Interest Accruals,Data,SGD,Starting Accrual Balance,-9289.11
Interest Accruals,Data,SGD,Interest Accrued,-492.92
Interest Accruals,Data,SGD,Accrual Reversal,0
Interest Accruals,Data,SGD,Ending Accrual Balance,-9782.03
Interest Accruals,Data,SGD,Ending Accrual Balance in USD,-7684.2736665
Interest Accruals,Data,USD,Starting Accrual Balance,-385581.67
Interest Accruals,Data,USD,Interest Accrued,-14760.29
Interest Accruals,Data,USD,Accrual Reversal,0
Interest Accruals,Data,USD,Ending Accrual Balance,-400341.96
Change in Dividend Accruals,Header,Asset Category,Currency,Account,Symbol,Date,Ex Date,Pay Date,Quantity,Tax,Fee,Gross Rate,Gross Amount,Net Amount,Code
Change in Dividend Accruals,Data,Starting Dividend Accruals in USD,,,,,,,,,,,,79620.694999,
Change in Dividend Accruals,Data,Stocks,HKD,U18135473,2359,2026-04-29,2026-04-30,2026-05-22,300,22.18,0,1.8028,531.72,509.54,Po
Change in Dividend Accruals,Data,Total,,,,,,,,22.18,0,,531.72,509.54,
Change in Dividend Accruals,Data,Total in USD,,,,,,,,2.8319424,0,,67.8900096,65.0580672,
Change in Dividend Accruals,Data,Stocks,USD,U18135473,JPM,2026-04-30,2026-04-06,2026-04-30,20,-9,0,1.5,-30,-21,Re
Change in Dividend Accruals,Data,Stocks,USD,U18135473,O,2026-04-29,2026-04-30,2026-05-15,100,8.12,0,0.2705,27.05,18.93,Po
Change in Dividend Accruals,Data,Total,,,,,,,,-0.88,0,,-2.95,-2.07,
Change in Dividend Accruals,Data,Total Stocks in USD,,,,,,,,1.9519424,0,,64.9400096,62.9880672,
Change in Dividend Accruals,Data,Ending Dividend Accruals in USD,,,,,,,,,,,,80688.276737,
Financial Instrument Information,Header,Asset Category,Symbol,Description,Conid,Security ID,Underlying,Listing Exch,Multiplier,Type,Code
Financial Instrument Information,Data,Stocks,1109,CHINA RESOURCES LAND LTD,3884658,KYG2108Y1052,1109,SEHK,1,COMMON,
Financial Instrument Information,Data,Stocks,1258,CHINA NONFERROUS MINING CORP,110017618,HK0000112026,1258,SEHK,1,COMMON,
Financial Instrument Information,Data,Stocks,1288,AGRICULTURAL BANK OF CHINA-H,76788432,CNE100000Q43,1288,SEHK,1,COMMON,
Financial Instrument Information,Data,Stocks,1398,IND & COMM BK OF CHINA - H,46652361,CNE1000003G1,1398,SEHK,1,COMMON,
Financial Instrument Information,Data,Stocks,1698,TENCENT MUSIC ENT - CLASS A,586243703,KYG875771134,1698,SEHK,1,COMMON,
Financial Instrument Information,Data,Stocks,1810,XIAOMI CORP-CLASS B,323608988,KYG9830T1067,1810,SEHK,1,COMMON,
Financial Instrument Information,Data,Stocks,2359,WUXI APPTEC CO LTD-H,344422817,CNE100003F19,2359,SEHK,1,COMMON,
Financial Instrument Information,Data,Stocks,2800,TRACKER FUND OF HONG KONG-B,6244735,HK2800008867,2800,SEHK,1,ETF,
Financial Instrument Information,Data,Stocks,2828,HANGSENG CHINA ENT INDEX,42474946,HK2828013055,2828,SEHK,1,ETF,
Financial Instrument Information,Data,Stocks,2899,ZIJIN MINING GROUP CO LTD-H,46654269,CNE100000502,2899,SEHK,1,COMMON,
Financial Instrument Information,Data,Stocks,3067,ISHARES HANG SENG TECH E,445194075,HK0000651213,3067,SEHK,1,ETF,
Financial Instrument Information,Data,Stocks,3750,CONTEMPORARY AMPEREX TECHN-H,783888386,CNE100006WS8,3750,SEHK,1,COMMON,
Financial Instrument Information,Data,Stocks,388,HONG KONG EXCHANGES & CLEAR,50236684,HK0388045442,388,SEHK,1,COMMON,
Financial Instrument Information,Data,Stocks,3988,BANK OF CHINA LTD-H,46639425,CNE1000001Z5,3988,SEHK,1,COMMON,
Financial Instrument Information,Data,Stocks,6301.T,KOMATSU LTD,13905624,JP3304200003,6301,TSEJ,1,COMMON,
Financial Instrument Information,Data,Stocks,700,TENCENT HOLDINGS LTD,152791428,KYG875721634,700,SEHK,1,COMMON,
Financial Instrument Information,Data,Stocks,762,CHINA UNICOM HONG KONG LTD,55354068,HK0000049939,762,SEHK,1,COMMON,
Financial Instrument Information,Data,Stocks,7974.T,NINTENDO CO LTD,14017724,JP3756600007,7974,TSEJ,1,COMMON,
Financial Instrument Information,Data,Stocks,8346.T,TOHO BANK LTD/THE,14018407,JP3601000007,8346,TSEJ,1,COMMON,
Financial Instrument Information,Data,Stocks,8360.T,YAMANASHI CHUO BANK LTD/THE,14018435,JP3942000005,8360,TSEJ,1,COMMON,
Financial Instrument Information,Data,Stocks,857,PETROCHINA CO LTD-H,46636681,CNE1000003W8,857,SEHK,1,COMMON,
Financial Instrument Information,Data,Stocks,883,CNOOC LTD-H,12150119,HK0883013259,883,SEHK,1,COMMON,
Financial Instrument Information,Data,Stocks,9633,NONGFU SPRING CO LTD-H,442074488,CNE100004272,9633,SEHK,1,COMMON,
Financial Instrument Information,Data,Stocks,A17U,CAPITALAND ASCENDAS REIT,47527231,SG1M77906915,A17U,SGX,1,REIT,
Financial Instrument Information,Data,Stocks,AGQ,PROSHARES ULTRA SILVER,141973400,US74347W3530,AGQ,ARCA,1,ETF,
Financial Instrument Information,Data,Stocks,APD,AIR PRODUCTS & CHEMICALS INC,4487,US0091581068,APD,NYSE,1,COMMON,
Financial Instrument Information,Data,Stocks,AVAV,AEROVIRONMENT INC,42464367,US0080731088,AVAV,NASDAQ,1,COMMON,
Financial Instrument Information,Data,Stocks,AVDV,AVANTIS INTL S/C VALUE ETF,385087093,US0250728021,AVDV,ARCA,1,ETF,
Financial Instrument Information,Data,Stocks,AVEM,AVANTIS EMERGING MARKETS EQ,383858503,US0250726041,AVEM,ARCA,1,ETF,
Financial Instrument Information,Data,Stocks,AVUV,AVANTIS US SMALL CAP VALUE,385087149,US0250728773,AVUV,ARCA,1,ETF,
Financial Instrument Information,Data,Stocks,BABA,ALIBABA GROUP HOLDING-SP ADR,166090175,US01609W1027,BABA,NYSE,1,ADR,
Financial Instrument Information,Data,Stocks,BMNR,BITMINE IMMERSION TECHNOLOGI,785071865,US09175A2069,BMNR,NYSE,1,COMMON,
Financial Instrument Information,Data,Stocks,BN4,KEPPEL LTD,92216592,SG1U68934629,BN4,SGX,1,COMMON,
Financial Instrument Information,Data,Stocks,BWXT,BWX TECHNOLOGIES INC,196689572,US05605H1005,BWXT,NYSE,1,COMMON,
Financial Instrument Information,Data,Stocks,C6L,SINGAPORE AIRLINES LTD,92216536,SG1V61937297,C6L,SGX,1,COMMON,
Financial Instrument Information,Data,Stocks,CEG,CONSTELLATION ENERGY,538132976,US21037T1097,CEG,NASDAQ,1,COMMON,
Financial Instrument Information,Data,Stocks,CF,CF INDUSTRIES HOLDINGS INC,35447205,US1252691001,CF,NYSE,1,COMMON,
Financial Instrument Information,Data,Stocks,CLSE,CONVERGENCE LONG/SHORT EQY,546346956,US89834G7604,CLSE,BATS,1,ETF,
Financial Instrument Information,Data,Stocks,CME,CME GROUP INC,45127739,US12572Q1058,CME,NASDAQ,1,COMMON,
Financial Instrument Information,Data,Stocks,CNQ,CANADIAN NATURAL RESOURCES,11926119,CA1363851017,CNQ,NYSE,1,COMMON,
Financial Instrument Information,Data,Stocks,CNXT,VANECK CHINEXT ETF,229725573,US92189F6271,CNXT,ARCA,1,ETF,
Financial Instrument Information,Data,Stocks,COIN,COINBASE GLOBAL INC -CLASS A,481691285,US19260Q1076,COIN,NASDAQ,1,COMMON,
Financial Instrument Information,Data,Stocks,COLO,GLOBAL X MSCI COLOMBIA ETF,417292580,US37954Y3273,COLO,ARCA,1,ETF,
Financial Instrument Information,Data,Stocks,COPX,GLOBAL X COPPER MINERS ETF,211651700,US37954Y8306,COPX,ARCA,1,ETF,
Financial Instrument Information,Data,Stocks,CSCO,CISCO SYSTEMS INC,268084,US17275R1023,CSCO,NASDAQ,1,COMMON,
Financial Instrument Information,Data,Stocks,CTAS,CINTAS CORP,268149,US1729081059,CTAS,NASDAQ,1,COMMON,
Financial Instrument Information,Data,Stocks,CVX,CHEVRON CORP,5684,US1667641005,CVX,NYSE,1,COMMON,
Financial Instrument Information,Data,Stocks,D05,DBS GROUP HOLDINGS LTD,15785538,SG1L01001701,D05,SGX,1,COMMON,
Financial Instrument Information,Data,Stocks,DBMF,IMGP DBI MANAGED FUTURES STR,515416076,US53700T8273,DBMF,ARCA,1,ETF,
Financial Instrument Information,Data,Stocks,DE,DEERE & CO,6393,US2441991054,DE,NYSE,1,COMMON,
Financial Instrument Information,Data,Stocks,DG,DOLLAR GENERAL CORP,70212228,US2566771059,DG,NYSE,1,COMMON,
Financial Instrument Information,Data,Stocks,EBND,SPDR BLOOMBERG EM BOND,84648107,US78464A3914,EBND,ARCA,1,ETF,
Financial Instrument Information,Data,Stocks,EFA,ISHARES MSCI EAFE ETF,13002510,US4642874659,EFA,ARCA,1,ETF,
Financial Instrument Information,Data,Stocks,EMLC,VANECK JPM EM LOCAL CURR BND,337332930,US92189H3003,EMLC,ARCA,1,ETF,
Financial Instrument Information,Data,Stocks,EMR,EMERSON ELECTRIC CO,6842,US2910111044,EMR,NYSE,1,COMMON,
Financial Instrument Information,Data,Stocks,ETN,EATON CORP PLC,118017869,IE00B8KQN827,ETN,NYSE,1,COMMON,
Financial Instrument Information,Data,Stocks,EWY,ISHARES MSCI SOUTH KOREA ETF,10753248,US4642867729,EWY,ARCA,1,ETF,
Financial Instrument Information,Data,Stocks,EWZ,ISHARES MSCI BRAZIL ETF,10753244,US4642864007,EWZ,ARCA,1,ETF,
Financial Instrument Information,Data,Stocks,FXY,INVESCO CURRENCYSHARES JAPAN,319355967,US46138W1071,FXY,ARCA,1,ETF,
Financial Instrument Information,Data,Stocks,GDX,VANECK GOLD MINERS ETF,229726316,US92189F1066,GDX,ARCA,1,ETF,
Financial Instrument Information,Data,Stocks,GEV,GE VERNOVA INC,691984365,US36828A1016,GEV,NYSE,1,COMMON,
Financial Instrument Information,Data,Stocks,GIS,GENERAL MILLS INC,7616,US3703341046,GIS,NYSE,1,COMMON,
Financial Instrument Information,Data,Stocks,HGER,HARBOR COMMODITY ALL WEATHER,543859902,US41151J5056,HGER,NYSE,1,ETF,
Financial Instrument Information,Data,Stocks,IAUM,ISHARES GOLD TRUST MICRO,499640636,US46436F1030,IAUM,ARCA,1,ETF,
Financial Instrument Information,Data,Stocks,ICE,INTERCONTINENTAL EXCHANGE IN,136370275,US45866F1049,ICE,NYSE,1,COMMON,
Financial Instrument Information,Data,Stocks,JPM,JPMORGAN CHASE & CO,1520593,US46625H1005,JPM,NYSE,1,COMMON,
Financial Instrument Information,Data,Stocks,K71U.DIST,KEPPEL REIT - DISTRIBUTION,877281589,SG1T2292BON7,K71U.DIST,CORPACT,1,TENDER,
Financial Instrument Information,Data,Stocks,KMLM,KRANESHARES MT LC MN FT ID S,458378552,US5007676522,KMLM,ARCA,1,ETF,
Financial Instrument Information,Data,Stocks,KORU,DIREXION DLY M SK BULL 3X-UI,754315862,US25461A3876,KORU,ARCA,1,ETF,
Financial Instrument Information,Data,Stocks,KRE,SS SPDR S&P REGIONAL BANK,45540822,US78464A6982,KRE,ARCA,1,ETF,
Financial Instrument Information,Data,Stocks,LAC,LITHIUM AMERICAS CORP,657517509,CA53681J1030,LAC,NYSE,1,COMMON,
Financial Instrument Information,Data,Stocks,LIN,LINDE PLC,617155599,IE000S9YS762,LIN,NASDAQ,1,COMMON,
Financial Instrument Information,Data,Stocks,LLY,ELI LILLY & CO,9160,US5324571083,LLY,NYSE,1,COMMON,
Financial Instrument Information,Data,Stocks,ME8U,MAPLETREE INDUSTRIAL TRUST,117901229,SG2C32962814,ME8U,SGX,1,REIT,
Financial Instrument Information,Data,Stocks,MELI,MERCADOLIBRE INC,45602025,US58733R1023,MELI,NASDAQ,1,COMMON,
Financial Instrument Information,Data,Stocks,MSFT,MICROSOFT CORP,272093,US5949181045,MSFT,NASDAQ,1,COMMON,
Financial Instrument Information,Data,Stocks,NOC,NORTHROP GRUMMAN CORP,10376,US6668071029,NOC,NYSE,1,COMMON,
Financial Instrument Information,Data,Stocks,NVDA,NVIDIA CORP,4815747,US67066G1040,NVDA,NASDAQ,1,COMMON,
Financial Instrument Information,Data,Stocks,NVO,NOVO-NORDISK A/S-SPONS ADR,10611,US6701002056,NVO,NYSE,1,ADR,
Financial Instrument Information,Data,Stocks,O,REALTY INCOME CORP,10672,US7561091049,O,NYSE,1,REIT,
Financial Instrument Information,Data,Stocks,PANW,PALO ALTO NETWORKS INC,110619459,US6974351057,PANW,NASDAQ,1,COMMON,
Financial Instrument Information,Data,Stocks,PKB,INVESCO BUILDING & CONSTRUCT,319356929,US46137V7799,PKB,ARCA,1,ETF,
Financial Instrument Information,Data,Stocks,PLTR,PALANTIR TECHNOLOGIES INC-A,444857009,US69608A1088,PLTR,NASDAQ,1,COMMON,
Financial Instrument Information,Data,Stocks,PM,PHILIP MORRIS INTERNATIONAL,49588376,US7181721090,PM,NYSE,1,COMMON,
Financial Instrument Information,Data,Stocks,QQQ,INVESCO QQQ TRUST SERIES 1,320227571,US46090E1038,QQQ,NASDAQ,1,ETF,
Financial Instrument Information,Data,Stocks,RBLX,ROBLOX CORP -CLASS A,476026060,US7710491033,RBLX,NYSE,1,COMMON,
Financial Instrument Information,Data,Stocks,REMX,VANECK RAR EARTH ND STG-USDI,415578518,US92189H8051,REMX,ARCA,1,ETF,
Financial Instrument Information,Data,Stocks,RTX,RTX CORP,415342104,US75513E1010,RTX,NYSE,1,COMMON,
Financial Instrument Information,Data,Stocks,S68,SINGAPORE EXCHANGE LTD,39861749,SG1J26887955,S68,SGX,1,COMMON,
Financial Instrument Information,Data,Stocks,SCHD,SCHWAB US DVD EQUITY ETF,96079912,US8085247976,SCHD,ARCA,1,ETF,
Financial Instrument Information,Data,Stocks,SCJ,ISHARES MSCI JAPAN SMALL-CAP,47671843,US4642865822,SCJ,ARCA,1,ETF,
Financial Instrument Information,Data,Stocks,SGOV,ISHARES 0-3 MONTH TREASURY B,424099317,US46436E7186,SGOV,NYSE,1,ETF,
Financial Instrument Information,Data,Stocks,SHLD,GLOBAL X DEFENSE TECH ETF,653579427,US37960A5294,SHLD,ARCA,1,ETF,
Financial Instrument Information,Data,Stocks,SHYG,ISHARES 0-5 YR HY CORP BOND,136374385,US46434V4077,SHYG,ARCA,1,ETF,
Financial Instrument Information,Data,Stocks,SLI,STANDARD LITHIUM LTD,275483215,CA8536061010,SLI,AMEX,1,COMMON,
Financial Instrument Information,Data,Stocks,SPXL,DIREXION DAILY S&P 500 BULL,55679428,US25459W8626,SPXL,ARCA,1,ETF,
Financial Instrument Information,Data,Stocks,TLT,ISHARES 20+ YEAR TREASURY BD,15547841,US4642874329,TLT,NASDAQ,1,ETF,
Financial Instrument Information,Data,Stocks,U11,UNITED OVERSEAS BANK LTD,15785555,SG1M31001969,U11,SGX,1,COMMON,
Financial Instrument Information,Data,Stocks,U96,SEMBCORP INDUSTRIES LTD,15785505,SG1R50925390,U96,SGX,1,COMMON,
Financial Instrument Information,Data,Stocks,URA,GLOBAL X URANIUM ETF,211651685,US37954Y8710,URA,ARCA,1,ETF,
Financial Instrument Information,Data,Stocks,USMV,ISHARES MSCI USA MIN VOL FAC,96079929,US46429B6974,USMV,BATS,1,ETF,
Financial Instrument Information,Data,Stocks,UTES,VIRTUS REAVES UTILITIES ETF,207825365,US26923G8069,UTES,ARCA,1,ETF,
Financial Instrument Information,Data,Stocks,VDE,VANGUARD ENERGY ETF,27684036,US92204A3068,VDE,ARCA,1,ETF,
Financial Instrument Information,Data,Stocks,VNAM,GLOBAL X MSCI VIETNAM ETF,531495003,US37960A8835,VNAM,ARCA,1,ETF,
Financial Instrument Information,Data,Stocks,VRT,VERTIV HOLDINGS CO-A,402783527,US92537N1081,VRT,NYSE,1,COMMON,
Financial Instrument Information,Data,Stocks,VST,VISTRA CORP,254457731,US92840M1027,VST,NYSE,1,COMMON,
Financial Instrument Information,Data,Stocks,VZ,VERIZON COMMUNICATIONS INC,4901,US92343V1044,VZ,NYSE,1,COMMON,
Financial Instrument Information,Data,Stocks,XLE,SS ENERGY SELECT SECTOR,4215217,US81369Y5069,XLE,ARCA,1,ETF,
Financial Instrument Information,Data,Stocks,XLV,SS HEALTH CARE SELECT SECTOR,4215205,US81369Y2090,XLV,ARCA,1,ETF,
Financial Instrument Information,Data,Stocks,Z74,SINGAPORE TELECOMMUNICATIONS,43626350,SG1T75931496,Z74,SGX,1,COMMON,
Base Currency Exchange Rate,Header,Currency,Rate
Base Currency Exchange Rate,Data,AED,0.272260
Base Currency Exchange Rate,Data,AUD,0.720120
Base Currency Exchange Rate,Data,BGN,0.600600
Base Currency Exchange Rate,Data,BHD,2.648100
Base Currency Exchange Rate,Data,BRL,0.201820
Base Currency Exchange Rate,Data,CAD,0.736260
Base Currency Exchange Rate,Data,CHF,1.279800
Base Currency Exchange Rate,Data,CNH,0.146380
Base Currency Exchange Rate,Data,CNY,0.146450
Base Currency Exchange Rate,Data,CZK,0.048111
Base Currency Exchange Rate,Data,DKK,0.156980
Base Currency Exchange Rate,Data,EUR,1.173200
Base Currency Exchange Rate,Data,GBP,1.360400
Base Currency Exchange Rate,Data,HKD,0.127680
Base Currency Exchange Rate,Data,HUF,0.003219
Base Currency Exchange Rate,Data,IDR,0.000058
Base Currency Exchange Rate,Data,ILS,0.339850
Base Currency Exchange Rate,Data,INR,0.010536
Base Currency Exchange Rate,Data,JPY,0.006385
Base Currency Exchange Rate,Data,KRW,0.000678
Base Currency Exchange Rate,Data,KWD,3.260000
Base Currency Exchange Rate,Data,MXN,0.057256
Base Currency Exchange Rate,Data,MYR,0.251890
Base Currency Exchange Rate,Data,NOK,0.107960
Base Currency Exchange Rate,Data,NZD,0.590930
Base Currency Exchange Rate,Data,OMR,2.597300
Base Currency Exchange Rate,Data,PHP,0.016305
Base Currency Exchange Rate,Data,PLN,0.275670
Base Currency Exchange Rate,Data,QAR,0.274440
Base Currency Exchange Rate,Data,RON,0.225820
Base Currency Exchange Rate,Data,RUB,0.013342
Base Currency Exchange Rate,Data,RUS,0.013342
Base Currency Exchange Rate,Data,SAR,0.266630
Base Currency Exchange Rate,Data,SEK,0.108250
Base Currency Exchange Rate,Data,SGD,0.785550
Base Currency Exchange Rate,Data,THB,0.030766
Base Currency Exchange Rate,Data,TRY,0.022128
Base Currency Exchange Rate,Data,TWD,0.031664
Base Currency Exchange Rate,Data,ZAR,0.059984
Disclaimer,Header,Field Name,Field Value
Disclaimer,Data,Disclaimer,"Assets held at Interactive Brokers (U.K.) Limited are subject to the UK Financial Services Compensation Scheme but are not protected by the U.S. Securities Investor Protection Corporation ("SIPC"). Assets held at Interactive Brokers LLC are subject to SIPC but are not protected under the UK Financial Services Compensation Scheme. As with all securities firms, SIPC coverage provides protection against failure of a broker-dealer, not against loss of market value of securities.  Futures and options on futures are not covered by SIPC."
